report_date,filing_date,url,employees,cba_count,cba_pct,mgmt,jan_share,cba_snippet,janitorial_snippet,cba_share
1994-10-31,1995-01-27,https://www.sec.gov/Archives/edgar/data/771497/000091205795000209/0000912057-95-000209.txt,42000,17800,,,," of the Company's competitors in the janitorial and building maintenance business operate in a limited geographic area, the operating divisions of a few large, diversified companies compete with the Company on a national basis. In addition, a number of the Company's competitors do not operate under collective bargaining agreements with their employees. Generally, these nonunionized competitors are able to operate with lower labor and employee ben",,0.424
1998-10-31,1999-01-28,https://www.sec.gov/Archives/edgar/data/771497/000104746999002541/0001047469-99-002541.txt,55000,25700,,3400.0,," fiscal year ended October 31, 1998. EMPLOYEES The Company employs over 55,000 persons, of whom the vast majority are service employees who perform air conditioning, elevator, engineering, janitorial, lighting, parking and security services. Approximately 25,700 of these employees are covered under collective bargaining agreements. There are about 3,400 employees with executive, managerial, supervisory, administrative, professional, sales, market",,0.467
2001-10-31,2001-12-24,https://www.sec.gov/Archives/edgar/data/771497/000095014901501984/f77849e10-k.txt,60000,24900,,3600.0,," fiscal year ended October 31, 2001. EMPLOYEES The Company employs over 60,000 persons, of whom the vast majority are service employees who perform air conditioning, elevator, engineering, janitorial, lighting, parking and security services. Approximately 24,900 of these employees are covered under collective bargaining agreements. There are about 3,600 employees with executive, managerial, supervisory, administrative, professional, sales, market",,0.415
2002-10-31,2002-12-17,https://www.sec.gov/Archives/edgar/data/771497/000095014902002436/f86502e10vk.htm,62000,27800,,3700.0,55," fiscal year ended October 31, 2002. Employees The Company employs over 62,000 persons, of whom the vast majority are service employees who perform janitorial, parking, engineering, security, lighting, elevator and air conditioning services. Approximately 27,800 of these employees are covered under collective bargaining agreements. There are about 3,700 employees with executive, managerial, supervisory, administrative, professional, sales, market","g profits exclude goodwill 12 amortization from both periods to provide a comparable analysis. ABM Janitorial Services reported sales for 2002 of $1.2 billion, an increase of 3.2%, from 2001. Sales included $1.0 million of interest income from the resolution of past due balances with two customers. Janitorial accounted for nearly 55% of the Company’s consolidated sales in 2002. ABM Janitorial Services sales increased primarily due to the impact o",0.448
2003-10-31,2004-01-14,https://www.sec.gov/Archives/edgar/data/771497/000095014904000137/f95384e10vk.htm,64000,28000,44,3700.0,58,"enues during the fiscal year ended October 31, 2003. Employees The Company employs over 64,000 persons, of whom the vast majority are service employees who perform janitorial, parking, engineering, security, lighting and mechanical services. Approximately 28,000 of these employees are covered under collective bargaining agreements at the local level. There are about 3,700 employees with executive, managerial, supervisory, administrative, professi",".5 )% Income from continuing operations before income taxes $ 65,009 $ 48,127 35.1 % Janitorial. Janitorial reported sales for 2002 of $1,197.0 million, an increase of 3.2% from 2001. Sales included $1.0 million of interest on receivables from the resolution of past due balances with two customers. Janitorial accounted for nearly 58% of the Company’s consolidated sales in 2002. Janitorial sales increased primarily due to the impact of new acquisi",0.438
2004-10-31,2005-01-14,https://www.sec.gov/Archives/edgar/data/771497/000095013405000777/f04468e10vk.htm,70000,29000,41,3900.0,,"ing the fiscal year ended October 31, 2004. Employees The Company employs approximately 70,000 persons, of whom the vast majority are service employees who perform janitorial, parking, engineering, security, lighting and mechanical services. Approximately 29,000 of these employees are covered under collective bargaining agreements at the local level. There are about 3,900 employees with executive, managerial, supervisory, administrative, professi",,0.414
2005-10-31,2006-03-29,https://www.sec.gov/Archives/edgar/data/771497/000095013406006158/f16287e10vk.htm,73000,29000,40,4000.0,,"revenues during the fiscal year ended October 31, 2005. Employees The Company employs approximately 73,000 persons, of whom the vast majority are service employees who perform janitorial, parking, security, engineering and lighting services. Approximately 29,000 of these employees are covered under collective bargaining agreements at the local level. There 5 Table of Contents are about 4,000 employees with executive, managerial, supervisory, admi",,0.397
2006-10-31,2006-12-22,https://www.sec.gov/Archives/edgar/data/771497/000095013406023656/f25881e10vk.htm,75000,29000,39,4000.0,,"revenues during the fiscal year ended October 31, 2006. Employees The Company employs approximately 75,000 persons, of whom the vast majority are service employees who perform janitorial, parking, security, engineering and lighting services. Approximately 29,000 of these employees are covered under collective bargaining agreements at the local level. There are about 4,000 employees with executive, managerial, supervisory, administrative, professi",,0.387
2007-10-31,2007-12-21,https://www.sec.gov/Archives/edgar/data/771497/000095013407026080/f36581e10vk.htm,107000,39000,36,5000.0,,"r 30, 2007, the Company employed approximately 107,000 persons, including approximately 30,000 OneSource employees, of whom the vast majority are service employees who perform janitorial, parking, security, engineering and lighting services. Approximately 39,000 of these employees are covered under collective bargaining agreements at the local level. There are approximately 5,000 employees with executive, managerial, supervisory, administrative, ",,0.364
2008-10-31,2008-12-22,https://www.sec.gov/Archives/edgar/data/771497/000095012308018152/y73442e10vk.htm,100000,43000,44,5300.0,,"the fiscal year ended October 31, 2008. Employees As of October 31, 2008, the Company employed approximately 100,000 persons, of whom the vast majority are service employees who perform janitorial, parking, security and engineering services. Approximately 43,000 of these employees are covered under collective bargaining agreements at the local level. There are approximately 5,300 employees with executive, managerial, supervisory, administrative, ",,0.43
2009-10-31,2009-12-22,https://www.sec.gov/Archives/edgar/data/771497/000095012309072792/y81068e10vk.htm,91000,38000,42,,," educational institutions, stadiums and arenas, and government buildings. No client accounted for more than 5% of the Company’s revenues during 2009, 2008 or 2007. Employees As of October 31, 2009, the Company employed approximately 91,000 employees. Over 38,000 of these employees are covered under collective bargaining agreements. There are over 5,000 employees with executive, managerial, supervisory, administrative, professional, sales, marketi",,0.418
2010-10-31,2010-12-23,https://www.sec.gov/Archives/edgar/data/771497/000095012310116105/y87222e10vk.htm,96000,40000,43,,,"institutions, stadiums and arenas, and government buildings. No client accounted for more than 5% of the Company’s consolidated revenues during 2010, 2009 or 2008. Employees As of October 31, 2010, the Company employed approximately 96,000 employees. Over 40,000 of these employees are covered under collective bargaining agreements. Approximately 5,700 of the Company’s employees have executive, managerial, supervisory, administrative, professional",,0.417
2011-10-31,2011-12-23,https://www.sec.gov/Archives/edgar/data/771497/000119312511351704/d234293d10k.htm,96000,42000,43,,,"s, educational institutions, stadiums, and arenas. No client accounted for more than 5% of the Company’s consolidated revenues during 2011, 2010, or 2009. Employees As of October 31, 2011, the Company employed approximately 96,000 employees. Approximately 42,000 of these employees are covered under collective bargaining agreements. Approximately 7,000 of the Company’s employees have executive, managerial, supervisory, administrative, professional",,0.438
2012-10-31,2012-12-20,https://www.sec.gov/Archives/edgar/data/771497/000119312512509900/d435349d10k.htm,95000,46000,48,,,"utions, and government services. No client accounted for more than 10% of our consolidated revenues during the years ended October 31 2012, 2011, or 2010. Employees As of October 31, 2012, the Company employed approximately 95,000 employees. Approximately 46,000 of these employees are covered under collective bargaining agreements. Approximately 6,000 of the Company’s employees have executive, managerial, supervisory, administrative, professional",,0.484
2013-10-31,2013-12-18,https://www.sec.gov/Archives/edgar/data/771497/000119312513477634/d599535d10k.htm,110000,47000,43,,,"erse effect on our financial position, results of operations, or cash flows. We do not believe that the resolution of matters known at this time will be material. Employees As of October 31, 2013, we employed approximately 110,000 employees. Approximately 47,000 of these employees are covered under collective bargaining agreements. Approximately 7,000 of our employees have executive, managerial, supervisory, administrative, professional, sales, m",,0.427
2014-10-31,2014-12-17,https://www.sec.gov/Archives/edgar/data/771497/000144530514005592/abm10312014-10k.htm,118000,59000,50,,,"l issues relating to United States locations or operations has not had a material adverse effect on our financial position, results of operations, or cash flows. Employees As of October 31, 2014 , we employed approximately 118,000 employees. Approximately 59,000 of these employees are covered under collective bargaining agreements, and approximately 7,400 of our employees have executive, managerial, supervisory, administrative, professional, sale",,0.5
2015-10-31,2015-12-17,https://www.sec.gov/Archives/edgar/data/771497/000162828015009602/abm10312015-10k.htm,120000,66000,55,,,"l issues relating to United States locations or operations has not had a material adverse effect on our financial position, results of operations, or cash flows. Employees As of October 31, 2015 , we employed approximately 120,000 employees. Approximately 66,000 of these employees are covered under collective bargaining agreements, and approximately 7,500 of our employees have executive, managerial, supervisory, administrative, professional, sale",,0.55
2016-10-31,2016-12-21,https://www.sec.gov/Archives/edgar/data/771497/000162828016022122/abm10312016-10k.htm,110000,2016,40,,,"r results of operations could be negatively impacted. Our participation in multiemployer pension plans could result in material liabilities. We participate in various multiemployer pension plans under union and industry-wide agreements, which provide defined pension benefits to employees covered by collective bargaining agreements. Because of the nature of multiemployer plans, there are risks associated with participation in these plans that diff",,0.018
2017-10-31,2017-12-22,https://www.sec.gov/Archives/edgar/data/771497/000162828017012508/abm10312017-10k.htm,140000,140000,32,,," or operations in the United States or abroad has not had a material adverse effect on our financial position, results of operations, or cash flows. Employees As of October 31, 2017 , we employed approximately 140,000 employees, of which approximately 44,000 , or 32% , were subject to various local collective bargaining agreements. Available Information We are required to file Annual Reports on Form 10-K, Quarterly Reports on Form 10-Q, Current R",,1.0
2018-10-31,2018-12-21,https://www.sec.gov/Archives/edgar/data/771497/000162828018015372/abm10312018-10k.htm,140000,140000,34,,,"ns or operations in the United States or abroad has not had a material adverse effect on our financial position, results of operations, or cash flows. Employees As of October 31, 2018 , we employed approximately 140,000 persons, of which approximately 48,000 , or 34% , were subject to various local collective bargaining agreements. Available Information We are required to file Annual Reports on Form 10-K, Quarterly Reports on Form 10-Q, Current R",,1.0
2019-10-31,2019-12-20,https://www.sec.gov/Archives/edgar/data/771497/000162828019015259/abm10312019-10k.htm,140000,140000,32,,,"s our business, our team members, and the environment. More information can be found in the corporate sustainability section of our corporate website. Employees As of October 31, 2019 , we employed approximately 140,000 persons, of which approximately 45,000 , or 32% , were subject to various local collective bargaining agreements. 5 Available Information Our corporate website is www.abm.com . The content on any website referred to in this filing",,1.0
2020-10-31,2020-12-17,https://www.sec.gov/Archives/edgar/data/771497/000077149720000018/abm-20201031.htm,114000,114000,32,,,"rything we do, and supporting our employees is a foundational value for the Company. Direct labor costs represented 68% of our total revenue for fiscal year 2020. As of October 31, 2020, we employed approximately 114,000 employees, of whom approximately 36,000, or 32%, were subject to various local collective bargaining agreements. As of October 31, 2020, our front line employees represented 95% of our total workforce, while staff and management ",,1.0
2021-10-31,2021-12-22,https://www.sec.gov/Archives/edgar/data/771497/000077149721000038/abm-20211031.htm,124000,124000,35,,,"rything we do, and supporting our employees is a foundational value for the Company. Direct labor costs represented 68% of our total revenue for fiscal year 2021. As of October 31, 2021, we employed approximately 124,000 employees, of whom approximately 44,000, or 35%, were subject to various local collective bargaining agreements. As of October 31, 2021, our frontline employees represented 93% of our total workforce, while staff and management e",,1.0
2022-10-31,2022-12-21,https://www.sec.gov/Archives/edgar/data/771497/000077149722000028/abm-20221031.htm,127000,127000,35,,,"e behind everything we do, and supporting our employees is a foundational value for the Company. Direct labor costs represented 70% of our total revenue for 2022. As of October 31, 2022, we employed approximately 127,000 employees, of whom approximately 45,000, or 35%, were subject to various local collective bargaining agreements. As of October 31, 2022, our frontline employees represented 92% of our total workforce, while staff and management e",,1.0
2023-10-31,2023-12-18,https://www.sec.gov/Archives/edgar/data/771497/000077149723000025/abm-20231031.htm,123000,123000,37,,,"ement framework and are advanced through the programs, policies and initiatives described below. Direct labor costs represented 69% of our total revenue for 2023. As of October 31, 2023, we employed approximately 123,000 employees, of whom approximately 46,000, or 37%, were subject to various local collective bargaining agreements. As of October 31, 2023, our frontline employees represented 92% of our total workforce, while staff and management e",,1.0
2024-10-31,2024-12-19,https://www.sec.gov/Archives/edgar/data/771497/000077149724000029/abm-20241031.htm,117000,117000,42,,,"ment framework and are advanced through the programs, policies, and initiatives described below. Direct labor costs represented 68% of our total revenue for 2024. As of October 31, 2024, we employed approximately 117,000 employees, of whom approximately 49,000, or 42%, were subject to various local collective bargaining agreements. As of October 31, 2024, our frontline employees represented 92% of our total workforce, while staff and management e",,1.0
2025-10-31,2025-12-19,https://www.sec.gov/Archives/edgar/data/771497/000077149725000031/abm-20251031.htm,113000,113000,45,,,"ment framework and are advanced through the programs, policies, and initiatives described below. Direct labor costs represented 68% of our total revenue for 2025. As of October 31, 2025, we employed approximately 113,000 employees, of whom approximately 51,000, or 45%, were subject to various local collective bargaining agreements. As of October 31, 2025, our frontline employees represented 92% of our total workforce, while staff and management e",,1.0
