report_date,employees,cba_count_fixed,union_share,url
2001-10-31,60000,24900.0,0.415,https://www.sec.gov/Archives/edgar/data/771497/000095014901501984/f77849e10-k.txt
2002-10-31,62000,27800.0,0.4483870967741935,https://www.sec.gov/Archives/edgar/data/771497/000095014902002436/f86502e10vk.htm
2003-10-31,64000,28000.0,0.44,https://www.sec.gov/Archives/edgar/data/771497/000095014904000137/f95384e10vk.htm
2004-10-31,70000,29000.0,0.41,https://www.sec.gov/Archives/edgar/data/771497/000095013405000777/f04468e10vk.htm
2005-10-31,73000,29000.0,0.4,https://www.sec.gov/Archives/edgar/data/771497/000095013406006158/f16287e10vk.htm
2006-10-31,75000,29000.0,0.39,https://www.sec.gov/Archives/edgar/data/771497/000095013406023656/f25881e10vk.htm
2007-10-31,107000,39000.0,0.36,https://www.sec.gov/Archives/edgar/data/771497/000095013407026080/f36581e10vk.htm
2008-10-31,100000,43000.0,0.44,https://www.sec.gov/Archives/edgar/data/771497/000095012308018152/y73442e10vk.htm
2009-10-31,91000,38000.0,0.42,https://www.sec.gov/Archives/edgar/data/771497/000095012309072792/y81068e10vk.htm
2010-10-31,96000,40000.0,0.43,https://www.sec.gov/Archives/edgar/data/771497/000095012310116105/y87222e10vk.htm
2011-10-31,96000,42000.0,0.43,https://www.sec.gov/Archives/edgar/data/771497/000119312511351704/d234293d10k.htm
2012-10-31,95000,46000.0,0.48,https://www.sec.gov/Archives/edgar/data/771497/000119312512509900/d435349d10k.htm
2013-10-31,110000,47000.0,0.43,https://www.sec.gov/Archives/edgar/data/771497/000119312513477634/d599535d10k.htm
2014-10-31,118000,59000.0,0.5,https://www.sec.gov/Archives/edgar/data/771497/000144530514005592/abm10312014-10k.htm
2015-10-31,120000,66000.0,0.55,https://www.sec.gov/Archives/edgar/data/771497/000162828015009602/abm10312015-10k.htm
2016-10-31,110000,2016.0,0.4,https://www.sec.gov/Archives/edgar/data/771497/000162828016022122/abm10312016-10k.htm
2017-10-31,140000,44000.0,0.32,https://www.sec.gov/Archives/edgar/data/771497/000162828017012508/abm10312017-10k.htm
2018-10-31,140000,48000.0,0.34,https://www.sec.gov/Archives/edgar/data/771497/000162828018015372/abm10312018-10k.htm
2019-10-31,140000,45000.0,0.32,https://www.sec.gov/Archives/edgar/data/771497/000162828019015259/abm10312019-10k.htm
2020-10-31,114000,36000.0,0.32,https://www.sec.gov/Archives/edgar/data/771497/000077149720000018/abm-20201031.htm
2021-10-31,124000,44000.0,0.35,https://www.sec.gov/Archives/edgar/data/771497/000077149721000038/abm-20211031.htm
2022-10-31,127000,45000.0,0.35,https://www.sec.gov/Archives/edgar/data/771497/000077149722000028/abm-20221031.htm
2023-10-31,123000,46000.0,0.37,https://www.sec.gov/Archives/edgar/data/771497/000077149723000025/abm-20231031.htm
2024-10-31,117000,49000.0,0.42,https://www.sec.gov/Archives/edgar/data/771497/000077149724000029/abm-20241031.htm
2025-10-31,113000,51000.0,0.45,https://www.sec.gov/Archives/edgar/data/771497/000077149725000031/abm-20251031.htm
