occ,year_start,year_end,share,se,n,n_eff,label
janitor,1983.0,1985.0,0.13157878224602562,0.003550999093221359,11554.0,9061.814459175182,1983-1985
janitor,1986.0,1988.0,0.15052357091301258,0.003907548004750396,10937.0,8374.274668209493,1986-1988
janitor,1989.0,1991.0,0.16428501179758348,0.004119264738870442,10732.0,8091.270601809733,1989-1991
janitor,1992.0,1994.0,0.18323667333757082,0.004546874740884775,9716.0,7239.067853517168,1992-1994
janitor,1995.0,1997.0,0.18992984003311,0.004743074173707781,8798.0,6839.053552103977,1995-1997
janitor,1998.0,2000.0,0.1772256610859934,0.004636238146526257,8590.0,6783.8442954224865,1998-2000
guard,1983.0,1985.0,0.36955481697724946,0.009314432532063802,3290.0,2685.4272756760442,1983-1985
guard,1986.0,1988.0,0.3819689848757517,0.00938125301103177,3433.0,2682.35758218301,1986-1988
guard,1989.0,1991.0,0.39516365663604563,0.009648092699315549,3293.0,2567.627033636192,1989-1991
guard,1992.0,1994.0,0.4326339437913521,0.009881069275916607,3312.0,2514.062394926691,1992-1994
guard,1995.0,1997.0,0.4713880177128383,0.010459718715919832,2844.0,2277.589914441226,1995-1997
guard,1998.0,2000.0,0.4715407211928374,0.010311871826897537,2866.0,2343.450144720254,1998-2000
janitor,,,0.04564687883996779,0.0058398885872389845,,,change (1998-2000 minus 1983-85)
guard,,,0.10198590421558795,0.01389580346610917,,,change (1998-2000 minus 1983-85)
