occ,year_start,year_end,my_share,my_se,dk_share,diff
janitor,1983,1985,0.13157878224602562,0.003550999093221359,0.164,-0.032421217753974385
janitor,1986,1988,0.15052357091301258,0.003907548004750396,0.182,-0.03147642908698742
janitor,1989,1991,0.16428501179758348,0.004119264738870442,0.21,-0.04571498820241651
janitor,1992,1994,0.18323667333757082,0.004546874740884775,0.227,-0.043763326662429186
janitor,1995,1997,0.18992984003311,0.004743074173707781,0.231,-0.04107015996689001
janitor,1998,2000,0.1772256610859934,0.004636238146526257,0.216,-0.038774338914006584
guard,1983,1985,0.36955481697724946,0.009314432532063802,0.401,-0.03144518302275057
guard,1986,1988,0.3819689848757517,0.00938125301103177,0.411,-0.02903101512424827
guard,1989,1991,0.39516365663604563,0.009648092699315549,0.424,-0.028836343363954353
guard,1992,1994,0.4326339437913521,0.009881069275916607,0.462,-0.029366056208647906
guard,1995,1997,0.4713880177128383,0.010459718715919832,0.497,-0.025611982287161716
guard,1998,2000,0.4715407211928374,0.010311871826897537,0.497,-0.02545927880716259
