occupation,YEAR,share,se,n,n_eff,ci_lo,ci_hi
guard,1983,0.3605681205945294,0.016018119109509683,1094.0,898.5837765128229,0.32917260713989044,0.3919636340491684
guard,1984,0.3638146944058442,0.01622228517384645,1076.0,879.5080250714279,0.33201901546510515,0.3956103733465832
guard,1985,0.3837481915072492,0.01614147357453389,1120.0,907.6495353489055,0.3521109033011628,0.4153854797133356
guard,1986,0.3665028740928839,0.015569566619010732,1155.0,957.7871043576657,0.3359865235196229,0.3970192246661449
guard,1987,0.3964398921712499,0.015842091428949472,1184.0,953.3949473960963,0.36538939297050893,0.4274903913719909
guard,1988,0.3819035555779173,0.017160933498847838,1094.0,801.5454078871311,0.34826812592017553,0.415538985235659
guard,1989,0.38014702531514377,0.01720913963601404,1040.0,795.6498205944088,0.34641711162855626,0.4138769390017313
guard,1990,0.3841185966300513,0.016306795653659802,1124.0,889.6622567480274,0.3521572771488781,0.4160799161112245
guard,1991,0.42014251010417675,0.016571272048791514,1129.0,887.1686827335543,0.38766281688854537,0.4526222033198081
guard,1992,0.4054844025746824,0.01629577359217868,1157.0,907.7942803125208,0.37354468633401217,0.4374241188153526
guard,1993,0.4174442602866212,0.01697668351377428,1116.0,843.7820353149122,0.3841699605996236,0.45071855997361876
guard,1994,0.4763000484491365,0.01800527927435506,1039.0,769.4199370687412,0.4410097010714006,0.5115903958268724
guard,1995,0.464493980665259,0.017631822016588167,1028.0,800.1106676668858,0.4299356095127462,0.4990523518177718
guard,1996,0.47853586520110036,0.018804628586320437,867.0,705.6826121390989,0.44167879317191233,0.5153929372302885
guard,1997,0.47145251453551695,0.017938550466505207,949.0,774.3677790800895,0.43629295562116677,0.5066120734498671
guard,1998,0.4587746999945511,0.01779048351761785,950.0,784.5164353689773,0.42390535230002013,0.4936440476890821
guard,1999,0.47869097953789713,0.0178711774489353,967.0,781.3473603726493,0.4436634717379839,0.5137184873378103
guard,2000,0.477096734718962,0.01790996948460386,949.0,777.7465731896971,0.44199319452913843,0.5122002749087856
guard,2001,0.45273362146495966,0.01710477809748609,1101.0,846.8502634447522,0.4192082563938869,0.4862589865360324
guard,2002,0.5058292112579611,0.01627575118718224,1240.0,943.6238124329851,0.4739287389310839,0.5377296835848383
guard,2003,0.5077647109712212,0.01742930864559335,1114.0,822.7633523117978,0.4736032660258582,0.5419261559165842
guard,2004,0.4703676478984805,0.017591105861114377,1096.0,805.0552092862486,0.43588908041069635,0.5048462153862647
guard,2005,0.46948211535897666,0.01757799622287257,1072.0,806.0840880972405,0.43502924276214644,0.5039349879558069
guard,2006,0.47242544486455557,0.01710774702026445,1094.0,851.5918237061982,0.4388942607048372,0.5059566290242739
guard,2007,0.47417146915524905,0.016999866123046617,1124.0,862.7571421836003,0.4408517315540777,0.5074912067564205
guard,2008,0.4940675992961754,0.017352266930227688,1083.0,830.1688385981912,0.46005715611292913,0.5280780424794217
guard,2009,0.4664810171682404,0.01693246087510739,1147.0,868.0478989832613,0.43329339385302995,0.4996686404834509
guard,2010,0.48603969997484314,0.016036243898021777,1237.0,971.3953323090399,0.45460866193472044,0.5174707380149658
guard,2011,0.4790153789737362,0.016307061054560677,1222.0,938.4755573994905,0.44705353930679725,0.5109772186406751
guard,2012,0.46967788944905714,0.01687963609503883,1151.0,874.2058154144277,0.43659380270278103,0.5027619761953332
guard,2013,0.4801598315681477,0.01788393213140964,1022.0,780.4222348695251,0.4451073245905848,0.5152123385457106
guard,2014,0.4628668333981703,0.017342097605257904,1098.0,826.6749542440323,0.4288763220918648,0.4968573447044758
guard,2015,0.4901104098573753,0.017335063455114413,1077.0,831.6090387446459,0.45613368548535105,0.5240871342293996
guard,2016,0.4631375263406468,0.017376975690032156,1072.0,823.4261077630825,0.4290786539881838,0.49719639869310983
guard,2017,0.46214577116836897,0.017687443374740364,1036.0,794.5357554723028,0.42747838215387784,0.4968131601828601
guard,2018,0.48864370737343416,0.017544892957983678,1057.0,811.7353684954393,0.45425571717578617,0.5230316975710821
guard,2019,0.480671382908139,0.018047962086171085,990.0,766.3623871972703,0.4452973772192437,0.5160453885970343
guard,2021,0.4846075410459139,0.019901703434184667,826.0,630.5909406454589,0.445600202314912,0.5236148797769159
guard,2022,0.511383974538522,0.020690309548015096,765.0,583.6881072086793,0.4708309678244124,0.5519369812526316
guard,2023,0.5342153973806278,0.020863961385606533,753.0,571.620754390399,0.493322033064839,0.5751087616964167
guard,2024,0.5070136917088786,0.021066610402248404,762.0,563.2033351395681,0.4657231353204717,0.5483042480972854
guard,2025,0.5040276569224116,0.022310558335698106,690.0,502.21646799377964,0.4602989625844433,0.5477563512603799
janitor,1983,0.11547318062123295,0.005732415230070778,3944.0,3108.2565065964022,0.10423764677029422,0.12670871447217166
janitor,1984,0.13915758936644304,0.006335992028357697,3839.0,2984.017099543328,0.12673904499086194,0.15157613374202414
janitor,1985,0.14036026565986862,0.006372286588403992,3771.0,2971.4611985249976,0.12787058394659678,0.15284994737314045
janitor,1986,0.13397262775562785,0.0062110736571487505,3811.0,3007.5602444001447,0.1217989233876163,0.1461463321236394
janitor,1987,0.14386195872095434,0.0065749631639819,3598.0,2849.069973460442,0.13097503091954982,0.15674888652235885
janitor,1988,0.1735213348292533,0.007484484778472969,3528.0,2560.1222733052327,0.1588517446634463,0.18819092499506032
janitor,1989,0.16981230504610612,0.0073721987250634615,3504.0,2593.8889678081105,0.15536279554498172,0.1842618145472305
janitor,1990,0.14646657424496062,0.006687763252019259,3696.0,2795.0995228875513,0.13335855827100287,0.15957459021891837
janitor,1991,0.17711424616077404,0.007336142884623447,3532.0,2708.0549710130636,0.1627354061069121,0.19149308621463598
janitor,1992,0.1684134452282423,0.007355290197909173,3410.0,2588.717114277121,0.15399707644034033,0.1828298140161443
janitor,1993,0.18006930171711022,0.007864392191039436,3254.0,2387.187329063628,0.16465509302267292,0.19548351041154752
janitor,1994,0.2022646580559081,0.008430620863740445,3052.0,2270.17700170248,0.18574064116297684,0.21878867494883936
janitor,1995,0.19047344594252696,0.008202676295264092,3029.0,2291.6822001815776,0.17439620040380935,0.20655069148124458
janitor,1996,0.19299215819069962,0.008300436205931742,2858.0,2260.557641135747,0.17672330322707341,0.20926101315432583
janitor,1997,0.18637910542481237,0.008122818413587429,2911.0,2298.2952885223403,0.170458381334181,0.20229982951544373
janitor,1998,0.16052419048248373,0.007714193836364393,2890.0,2264.475257792733,0.1454043705632095,0.17564401040175795
janitor,1999,0.19020842150228132,0.008375316262251116,2811.0,2195.839364830649,0.17379280162826913,0.2066240413762935
janitor,2000,0.18130581189648878,0.00799261617059041,2889.0,2323.5687053902247,0.1656402842021316,0.19697133959084598
janitor,2001,0.19766303308442923,0.008181077383425104,3148.0,2369.5247885132085,0.181628121412916,0.21369794475594245
janitor,2002,0.20920568309244383,0.008373180087143925,3206.0,2359.6965288387833,0.19279425012164175,0.22561711606324591
janitor,2003,0.194480632129133,0.008549200314495353,2926.0,2143.3907806722827,0.17772419951272211,0.21123706474554388
janitor,2004,0.196752937661801,0.00863179846300898,2923.0,2121.1324484503834,0.1798346126743034,0.2136712626492986
janitor,2005,0.19433172556419948,0.008578566009564343,2833.0,2127.504927288811,0.17751773618545336,0.2111457149429456
janitor,2006,0.192675051822217,0.00854635985999576,2845.0,2129.666044800062,0.1759241864966253,0.2094259171478087
janitor,2007,0.20720263196862843,0.009014683119403137,2735.0,2021.4199008897922,0.18953385305459827,0.22487141088265858
janitor,2008,0.19897512913222448,0.008755646714744506,2742.0,2079.0662880338905,0.18181406157132524,0.21613619669312373
janitor,2009,0.19039389993222422,0.008512593563104966,2820.0,2127.1739452911775,0.1737092165485385,0.20707858331590995
janitor,2010,0.22875801725117165,0.009066536355419078,2810.0,2146.2690920853756,0.21098760599455024,0.24652842850779305
janitor,2011,0.21609568294781795,0.009004442431171641,2794.0,2089.2744602852226,0.19844697578272152,0.23374439011291437
janitor,2012,0.21543797248162652,0.009072035275756262,2736.0,2053.7145373972103,0.19765678334114425,0.2332191616221088
janitor,2013,0.23700749652717734,0.00929438674391755,2757.0,2093.345313310671,0.21879049850909893,0.25522449454525575
janitor,2014,0.23324911999215814,0.009236700040086416,2827.0,2096.238130620142,0.21514518791358878,0.2513530520707275
janitor,2015,0.23694642804510097,0.009515055303193158,2670.0,1997.0206797588996,0.21829691965084239,0.2555959364393596
janitor,2016,0.23174495605292914,0.009359897011797916,2714.0,2032.2333328492562,0.21339955790980522,0.2500903541960531
janitor,2017,0.25026331625385634,0.009775473839790279,2587.0,1963.497353989741,0.23110338752786738,0.26942324497984527
janitor,2018,0.2552681790073426,0.009876851422419477,2559.0,1948.7653527666585,0.23590955021940044,0.2746268077952848
janitor,2019,0.25731960216697836,0.010329172823470447,2386.0,1791.198615221748,0.23707442343297627,0.2775647809009804
janitor,2021,0.278333427167695,0.011627975504499139,1991.0,1485.572119740807,0.2555425951788767,0.3011242591565133
janitor,2022,0.27972004893455127,0.011990293047441727,1843.0,1401.4103700434218,0.2562190745615655,0.30322102330753703
janitor,2023,0.2717157274957519,0.012144285513770264,1790.0,1341.7505142672796,0.24791292788876218,0.2955185271027416
janitor,2024,0.2786899637111427,0.011918416802377322,1886.0,1415.162023679636,0.2553298667784831,0.30205006064380224
janitor,2025,0.2698460933209219,0.012615807827038146,1669.0,1237.9423443996625,0.24511910997992714,0.2945730766619167
