occ,period,short_bin,u_inhouse,se_u_inhouse,u_outsourced,se_u_outsourced,gap,se_gap,beta_union,se_beta_union,raw_penalty_nounion,se_raw_penalty_nounion,mediated_penalty,se_mediated_penalty,pct_explained,n_obs
janitor,1983-1987,False,0.2641543923648586,0.0040756223506200175,0.18480671236618285,0.009169857691613388,0.07934767999867576,0.010034788868198207,0.26776713470885244,0.007971243343343981,-0.0742072775994281,0.007583653150976183,0.021246700919040327,0.002760426262866867,0.2863155960757691,17156
janitor,1988-1992,False,0.24002460926948732,0.004081876775700663,0.1544936492970926,0.00805998248629375,0.08553095997239471,0.00903465747504389,0.2764470101609463,0.009471122640406289,-0.07623532121026554,0.00882579188594635,0.02364477816056409,0.0026256896622923794,0.3101551588580463,17300
janitor,1993-1997,False,0.22172855418263593,0.004363497392488674,0.12925349083607873,0.007446226344614914,0.0924750633465572,0.008630550171888966,0.2406758623951076,0.008840737478269176,-0.07122380623209275,0.007951697001952095,0.02225651562097486,0.002232263249020332,0.312487029244813,14602
janitor,1998-2000,True,0.20752831158344692,0.005535728403753867,0.12032945771822576,0.009613411133620043,0.08719885386522117,0.011093329643715502,0.21208116838238525,0.010087094178048588,-0.04548164564780107,0.011239267460465358,0.018493234809340973,0.002511732315948067,0.4066087439436149,8239
janitor,2001-2005,False,0.2082886491580908,0.004363003766992069,0.10711073016171076,0.0068766385870487655,0.10117791899638005,0.008143952365263135,0.16710052762003758,0.00996866167436825,-0.061268187654178276,0.009486881081229406,0.01690688364779253,0.0016938794214915545,0.27594881283614303,14465
janitor,2006-2010,False,0.20511113214144377,0.0044723865305304825,0.09601266400252752,0.006580907153663416,0.10909846813891626,0.007956794596042354,0.1510843405644295,0.009868887823639448,-0.054073651687724315,0.008704496302700659,0.016483070115357584,0.00161381490828089,0.3048262804692278,13490
janitor,2011-2015,False,0.18436810914725058,0.004374588818482401,0.08946230902177596,0.006073002316852243,0.09490580012547462,0.007484543036905057,0.15895903680898898,0.011712811625908605,-0.053639517960205496,0.00893708063485455,0.015086134575531871,0.0016282371784221215,0.2812503756414085,13422
janitor,2016-2019,True,0.1685626387411029,0.004918476986035008,0.08387053428885989,0.006624569989667344,0.084692104452243,0.008250838951897994,0.11749429466315796,0.011806192614540974,-0.026163308378038236,0.00807921296945115,0.00995083907615479,0.0013926845848166983,0.38033565680507103,9995
janitor,2021-2025,False,0.16403114623989457,0.005249264462574039,0.09660278533923253,0.007112759521169447,0.06742836090066204,0.008840029717372523,0.08927428152869968,0.013063795726835975,-0.03306911624937933,0.010799487946379782,0.006019618474064468,0.0011826872539872663,0.18203142861967014,8984
guard,1983-1987,False,0.23620425511041843,0.008280178597116574,0.11607299178677034,0.008078711408535933,0.12013126332364808,0.01156835924505096,0.21725474424103045,0.01360443699087557,-0.3003520471749034,0.011529644060411955,0.026099086888731044,0.002997928787601122,0.08689498584816642,5152
guard,1988-1992,False,0.2018594044801296,0.007916011118009915,0.10478212995542513,0.007583275387286238,0.09707727452470447,0.01096217577034221,0.2142235300022454,0.017661136752344462,-0.24887083851326577,0.01042396061242804,0.02079623643167924,0.0029076225739731757,0.08356236735454532,5463
guard,1993-1997,False,0.1918053243531021,0.008530823826345981,0.09335771195306976,0.007121230219095372,0.09844761240003234,0.011112464847616365,0.16246641340762927,0.018802142080158853,-0.22974914881957817,0.013330612911871771,0.015994430495177705,0.002585686510489657,0.06961693036668493,4873
guard,1998-2000,True,0.1739805359276891,0.01092272769830255,0.09373610563040234,0.008977170576492829,0.08024443029728677,0.014138443051860919,0.0996381906999313,0.024179659331430313,-0.18426581136970543,0.01629670358724101,0.007995409848568403,0.002397752102347516,0.04339063111673305,2763
guard,2001-2005,False,0.17536124248930984,0.008166236745679796,0.08261604802660148,0.006287441800204403,0.09274519446270836,0.010306277066790341,0.14414879759767635,0.017235192611376505,-0.10809401858066699,0.00978829653694149,0.013369108264762081,0.0021822605387927167,0.123680370480307,5426
guard,2006-2010,False,0.1528672087602991,0.007529081559950135,0.09086555956885166,0.006455061929683496,0.06200164919144745,0.009917403574143304,0.15453653706173542,0.01913506895055927,-0.11339508721985518,0.012566074767908596,0.009581520158162837,0.0019381499561492036,0.08449678370620925,5532
guard,2011-2015,False,0.17742781462677776,0.00810066427095742,0.0849269827173012,0.00637419365714639,0.09250083190947656,0.010307817732651823,0.16024817880223177,0.020353294964921304,-0.15065214472543495,0.01317632479099946,0.014823089851184985,0.0025045997606991245,0.0983928232697929,5416
guard,2016-2019,True,0.19405570533010222,0.00960285854760692,0.10940251042955221,0.008242488393854398,0.08465319490055001,0.012655177091142255,0.1435350989334142,0.020662236258822454,-0.10417303845057828,0.014575180626586134,0.012150704705080041,0.0025216999044577622,0.11663963042457068,4073
guard,2021-2025,False,0.1780542428385118,0.010167199359208604,0.08584303768501479,0.007656887539870557,0.092211205153497,0.012727916939079893,0.05003762759537191,0.026429833593265204,-0.060975860467748624,0.014726863614542283,0.004614029943591122,0.002518967357165255,0.07566977994564876,3696
