occ,sample,model,term,estimate,se,se_state,t,p,p_state,stat,df,n_obs
Janitors,1983-2025,interaction,os_x_logmw,-0.029433518359340733,0.028358552334089238,0.03576334716309666,-1.037906237687574,0.29981738661186275,0.4144115853265329,,,117653
Janitors,1983-2025,interaction_leadsample,os_x_logmw,-0.043113114347789507,0.034861081349184114,0.028600293844214034,-1.2367119056333724,0.21680516729612243,0.13799173623880567,,,114174
Janitors,1983-2025,leads,os_x_logmw,-0.10647024315326141,0.08566627194803834,0.06834405496156654,-1.2428490318551728,0.21453662516673755,0.1255749601462115,,,114174
Janitors,1983-2025,leads,os_x_lead1,0.03735198186943152,0.11223968564361005,0.08467739246313317,0.33278765576761943,0.7394414004128467,0.6610354885248966,,,114174
Janitors,1983-2025,leads,os_x_lead2,0.025168067179535288,0.07385676195193637,0.05662011261124336,0.3407686244884912,0.7334284387820165,0.6585938375583433,,,114174
Janitors,1983-2025,leads,,,,,,0.67014853272311,,0.8005118010707093,2.0,114174
Janitors,1983-2025,trend_without_mw,os_x_yearc,0.014210003405966589,0.0023937205144438888,,5.936366973597112,5.467565067363012e-09,,,,117653
Janitors,1983-2025,trend_with_mw,os_x_yearc,0.020989682412088685,0.008425148160165551,,2.491313151183355,0.013051624481098534,,,,117653
Janitors,2001-2025,interaction,os_x_logmw,0.017727426430102545,0.03566402006727979,0.04977605058651809,0.4970675318334822,0.6195233172694823,0.7232313548298523,,,60356
Janitors,2001-2025,interaction_leadsample,os_x_logmw,0.020983932258317763,0.04492474954547598,0.03987161453328974,0.4670906898896867,0.6408217267024969,0.6010153329131582,,,56877
Janitors,2001-2025,leads,os_x_logmw,-0.0635443645419689,0.10389564323218227,0.09571950445224404,-0.6116172205600791,0.541319364650168,0.5098295388447642,,,56877
Janitors,2001-2025,leads,os_x_lead1,0.0203085960748476,0.13295417456393374,0.10915906309216948,0.1527488410308004,0.8787134659245037,0.8531615181975742,,,56877
Janitors,2001-2025,leads,os_x_lead2,0.0654668300796619,0.08706835593142867,0.06955808340849154,0.7519015304621209,0.452782637283242,0.3511366877033988,,,56877
Janitors,2001-2025,leads,,,,,,0.4722513445395694,,1.500487851023565,2.0,56877
Janitors,2001-2025,trend_without_mw,os_x_yearc,0.017154486454177456,0.005943194156638631,,2.8864085543992632,0.004193655359058468,,,,60356
Janitors,2001-2025,trend_with_mw,os_x_yearc,0.013215767942220426,0.012672912562896094,,1.0428358813832355,0.2979049911307543,,,,60356
Guards,1983-2025,interaction,os_x_logmw,0.0034659909245674525,0.047322530014249915,0.03306543677882585,0.0732418770408886,0.9416430503637385,0.9169362892531461,,,42394
Guards,1983-2025,interaction_leadsample,os_x_logmw,-0.025024917331009224,0.05199648557907404,0.04935590178864311,-0.48128093759245316,0.6305384731964994,0.6143628275844437,,,40978
Guards,1983-2025,leads,os_x_logmw,-0.1490896013724798,0.1269983861544359,0.10756577495934802,-1.1739487869647411,0.24100379682201156,0.1718878208370842,,,40978
Guards,1983-2025,leads,os_x_lead1,0.174991355101311,0.16617694221098528,0.17651099448491409,1.0530423341111583,0.29285696455911014,0.3262684911635263,,,40978
Guards,1983-2025,leads,os_x_lead2,-0.0524631627223013,0.10048410176524647,0.08724966357110812,-0.5221041120003947,0.6018412296408129,0.5503572132334156,,,40978
Guards,1983-2025,leads,,,,,,0.5460294445607092,,1.2101647538488305,2.0,40978
Guards,1983-2025,trend_without_mw,os_x_yearc,0.05243440042581925,0.003694835498004044,,14.191267907365399,0.0,,,,42394
Guards,1983-2025,trend_with_mw,os_x_yearc,0.05438418085559263,0.013546346626924258,,4.014675126317858,6.869658532204781e-05,,,,42394
Guards,2001-2025,interaction,os_x_logmw,0.00861335792167497,0.057824253403565666,0.04955266307728333,0.1489575293183783,0.8816921230545367,0.86270696881884,,,24143
Guards,2001-2025,interaction_leadsample,os_x_logmw,-0.036979511306228036,0.0657729163194514,0.07606866808106731,-0.5622300693893951,0.574438144398695,0.6289965491581904,,,22727
Guards,2001-2025,leads,os_x_logmw,-0.11109989761340364,0.14706496403194214,0.13085346291735747,-0.7554477597347593,0.45065639228181475,0.3999055775965763,,,22727
Guards,2001-2025,leads,os_x_lead1,0.09129879922834722,0.19365331391336568,0.20911224701463005,0.47145487667301883,0.6377067912192413,0.664279760080875,,,22727
Guards,2001-2025,leads,os_x_lead2,-0.01757523705806801,0.11584468591677266,0.10252283582192087,-0.1517137960967389,0.8795289871280176,0.8645795186173768,,,22727
Guards,2001-2025,leads,,,,,,0.8644797480642545,,0.2912548006336321,2.0,22727
Guards,2001-2025,trend_without_mw,os_x_yearc,0.022264294978743028,0.008213072496315754,,2.7108362904053767,0.007117148387108196,,,,24143
Guards,2001-2025,trend_with_mw,os_x_yearc,0.018300890679999973,0.0188594764065389,,0.9703816948838911,0.3326762029367618,,,,24143
