occupation,sample,period,outsourced,share_below_1p1_mw,n_obs
Janitors,1983-2025,1983-1985,0,0.23193580562145916,10073
Janitors,1983-2025,1983-1985,1,0.33912419697599083,1480
Janitors,1983-2025,1986-1988,0,0.1761700112383333,9406
Janitors,1983-2025,1986-1988,1,0.22553135351062062,1529
Janitors,1983-2025,1989-1991,0,0.09271124078612396,9054
Janitors,1983-2025,1989-1991,1,0.11588849114472038,1678
Janitors,1983-2025,1992-1994,0,0.16898247202241612,8013
Janitors,1983-2025,1992-1994,1,0.22001596884809738,1644
Janitors,1983-2025,1995-1997,0,0.14204027414891998,7071
Janitors,1983-2025,1995-1997,1,0.15785691293613655,1608
Janitors,1983-2025,1998-2000,0,0.1627263871057268,6983
Janitors,1983-2025,1998-2000,1,0.19243409614871915,1463
Janitors,1983-2025,2001-2003,0,0.11003025636614965,7453
Janitors,1983-2025,2001-2003,1,0.1551489752696708,1698
Janitors,1983-2025,2004-2006,0,0.09546174647586193,6890
Janitors,1983-2025,2004-2006,1,0.13371328010882616,1579
Janitors,1983-2025,2007-2009,0,0.13632796595751864,6628
Janitors,1983-2025,2007-2009,1,0.20003001928297798,1557
Janitors,1983-2025,2010-2012,0,0.16372608928901108,6493
Janitors,1983-2025,2010-2012,1,0.2403966578532078,1759
Janitors,1983-2025,2013-2015,0,0.1553264274006366,6378
Janitors,1983-2025,2013-2015,1,0.2227243607965209,1788
Janitors,1983-2025,2016-2019,0,0.15348180006214793,7861
Janitors,1983-2025,2016-2019,1,0.2239258592884773,2285
Janitors,1983-2025,2021-2025,0,0.14718445997524118,6831
Janitors,1983-2025,2021-2025,1,0.22302928302787767,2271
Janitors,2001-2025,2001-2003,0,0.11003025636614965,7453
Janitors,2001-2025,2001-2003,1,0.1551489752696708,1698
Janitors,2001-2025,2004-2006,0,0.09546174647586193,6890
Janitors,2001-2025,2004-2006,1,0.13371328010882616,1579
Janitors,2001-2025,2007-2009,0,0.13632796595751864,6628
Janitors,2001-2025,2007-2009,1,0.20003001928297798,1557
Janitors,2001-2025,2010-2012,0,0.16372608928901108,6493
Janitors,2001-2025,2010-2012,1,0.2403966578532078,1759
Janitors,2001-2025,2013-2015,0,0.1553264274006366,6378
Janitors,2001-2025,2013-2015,1,0.2227243607965209,1788
Janitors,2001-2025,2016-2019,0,0.15348180006214793,7861
Janitors,2001-2025,2016-2019,1,0.2239258592884773,2285
Janitors,2001-2025,2021-2025,0,0.14718445997524118,6831
Janitors,2001-2025,2021-2025,1,0.22302928302787767,2271
Guards,1983-2025,1983-1985,0,0.11996172437472596,2099
Guards,1983-2025,1983-1985,1,0.27567964572535447,1191
Guards,1983-2025,1986-1988,0,0.08429270206734084,2127
Guards,1983-2025,1986-1988,1,0.17808306301566604,1304
Guards,1983-2025,1989-1991,0,0.046774064816294994,2037
Guards,1983-2025,1989-1991,1,0.07458798603715622,1256
Guards,1983-2025,1992-1994,0,0.062095619384125424,1959
Guards,1983-2025,1992-1994,1,0.14820629535622346,1341
Guards,1983-2025,1995-1997,0,0.06807965948411127,1537
Guards,1983-2025,1995-1997,1,0.12104877957809551,1279
Guards,1983-2025,1998-2000,0,0.06595362801366121,1530
Guards,1983-2025,1998-2000,1,0.11238852139593399,1298
Guards,1983-2025,2001-2003,0,0.05644387834780545,1801
Guards,1983-2025,2001-2003,1,0.05324278624660778,1605
Guards,1983-2025,2004-2006,0,0.04428388872671322,1771
Guards,1983-2025,2004-2006,1,0.05770977639676679,1455
Guards,1983-2025,2007-2009,0,0.07336984484263728,1775
Guards,1983-2025,2007-2009,1,0.09364186686562541,1543
Guards,1983-2025,2010-2012,0,0.10051834358346357,1920
Guards,1983-2025,2010-2012,1,0.1235529628763495,1658
Guards,1983-2025,2013-2015,0,0.08712215017194484,1722
Guards,1983-2025,2013-2015,1,0.12468082052543773,1436
Guards,1983-2025,2016-2019,0,0.10001543349914968,2261
Guards,1983-2025,2016-2019,1,0.15152988914368226,1870
Guards,1983-2025,2021-2025,0,0.11808166750772454,1966
Guards,1983-2025,2021-2025,1,0.16089972429984115,1802
Guards,2001-2025,2001-2003,0,0.05644387834780545,1801
Guards,2001-2025,2001-2003,1,0.05324278624660778,1605
Guards,2001-2025,2004-2006,0,0.04428388872671322,1771
Guards,2001-2025,2004-2006,1,0.05770977639676679,1455
Guards,2001-2025,2007-2009,0,0.07336984484263728,1775
Guards,2001-2025,2007-2009,1,0.09364186686562541,1543
Guards,2001-2025,2010-2012,0,0.10051834358346357,1920
Guards,2001-2025,2010-2012,1,0.1235529628763495,1658
Guards,2001-2025,2013-2015,0,0.08712215017194484,1722
Guards,2001-2025,2013-2015,1,0.12468082052543773,1436
Guards,2001-2025,2016-2019,0,0.10001543349914968,2261
Guards,2001-2025,2016-2019,1,0.15152988914368226,1870
Guards,2001-2025,2021-2025,0,0.11808166750772454,1966
Guards,2001-2025,2021-2025,1,0.16089972429984115,1802
