occupation,period,row_type,estimate,se,p,n_obs,n_clusters
Janitors,2000Q1,quarter,-0.049693652514572945,0.08492260676502687,0.6176637248346781,700,3
Janitors,2000Q2,quarter,-0.013139892283797285,0.05011295669314037,0.8176996124070719,723,3
Janitors,2000Q3,quarter,0.008514355575831016,0.030501571697822232,0.8063511321861903,659,3
Janitors,2000Q4,quarter,-0.006558349808439127,0.024410539103237462,0.8133606719671709,693,3
Janitors,2001Q1,quarter,-0.13939174564842477,0.029133903231010057,0.04101526882914852,672,3
Janitors,2001Q2,quarter,-0.09832158833287717,0.07195232450987178,0.30513318757754804,706,3
Janitors,2001Q3,quarter,-0.04574872254413528,0.02146593284467063,0.1667601743405389,780,3
Janitors,2001Q4,quarter,-0.06093375373997483,0.02812652163912284,0.1626253032339542,845,3
Janitors,2002Q1,quarter,-0.05806830399169194,0.01505330451005841,0.06110735896120012,804,3
Janitors,2002Q2,quarter,0.013792312564764968,0.04841162117259257,0.8025150119479043,757,3
Janitors,2002Q3,quarter,-0.03267816961342752,0.028337672138276808,0.36804766583771453,740,3
Janitors,2002Q4,quarter,0.019377835522259638,0.03660381105190559,0.6494201326115145,754,3
Guards,2000Q1,quarter,-0.14153082293441413,0.03983611702947311,0.07090085951739988,205,3
Guards,2000Q2,quarter,-0.2544831782171424,0.08725690186393766,0.10020547958111226,247,3
Guards,2000Q3,quarter,-0.13858101470126982,0.048253311562687855,0.10287034209788737,204,3
Guards,2000Q4,quarter,-0.1796272116893826,0.06709140432814133,0.1157744518218966,220,3
Guards,2001Q1,quarter,-0.054338948682791655,0.10843778905722105,0.6660108349709275,209,3
Guards,2001Q2,quarter,-0.14289294252095333,0.036789461572868935,0.060348339998339995,251,3
Guards,2001Q3,quarter,-0.14641501834245851,0.042123630209392963,0.07373365443135405,285,3
Guards,2001Q4,quarter,-0.051808243222537936,0.009836837144490039,0.03421137885007619,285,3
Guards,2002Q1,quarter,-0.10600608718317715,0.054824449025055164,0.1928537552400973,281,3
Guards,2002Q2,quarter,-0.13136875515448387,0.04765359699281634,0.11024791767952835,295,3
Guards,2002Q3,quarter,-0.03437370223776351,0.059064694977574654,0.6194493857291485,296,3
Guards,2002Q4,quarter,-0.10229884371068165,0.05767116477977044,0.21808930348580002,295,3
Guards,2001 Jan-Aug,half_year_split,-0.0863832662489482,0.039060748502931245,0.06265737289429163,672,8
Guards,2001 Sep-Dec,half_year_split,-0.08192122111074787,0.03072608458473393,0.07593733697867866,377,4
