lang,spec,model,occ,sample,term,estimate,se,t,p,n_obs,benchmark_row,occ_label,occ_bench,table,row,dk_label,dk_estimate,dk_se,dk_n,r2,diff
python,author,base,janitor,1983-2000,outsourced,-0.05396449092650894,0.004293723962744418,-12.568225483227495,0.0,57297,1.0,Janitors,Janitors,3a,1.0,Baseline,-0.045,0.005,33222.0,0.44,-0.008964490926508945
python,author,base,janitor,1983-2000,union,0.25580107220089404,0.004812000274098835,53.158989532434944,0.0,57297,1.0,Janitors,Janitors,3a,1.0,Baseline,0.298,0.007,33222.0,0.44,-0.042198927799105945
python,author,base,janitor,1983-2000,parttime,-0.129651079262076,0.004622910681773891,-28.045335111758344,0.0,57297,1.0,Janitors,Janitors,3a,1.0,Baseline,-0.173,0.005,33222.0,0.44,0.043348920737923985
python,author,base,janitor,1983-2000,educ_cat[T.no_school],-0.18856099425949252,0.023100134494727583,-8.162766078376299,2.9531932455029164e-14,57297,1.0,Janitors,,,,,,,,,
python,author,base,janitor,1983-2000,educ_cat[T.primary],-0.1171718971081741,0.010530696463713747,-11.126699692838013,0.0,57297,1.0,Janitors,,,,,,,,,
python,author,base,janitor,1983-2000,educ_cat[T.hs_attend],-0.04994550024096085,0.010884484460639304,-4.588687725318989,7.650158336369728e-06,57297,1.0,Janitors,,,,,,,,,
python,author,base,janitor,1983-2000,educ_cat[T.hs_complete],0.0003538085020373573,0.011146426038733951,0.03174187859030948,0.9747079021460916,57297,1.0,Janitors,,,,,,,,,
python,author,base,janitor,1983-2000,educ_cat[T.some_college],0.02758735715756939,0.011195619066014168,2.4641207417743054,0.014534520685211882,57297,1.0,Janitors,,,,,,,,,
python,author,base,janitor,1983-2000,female,-0.08067573040288659,0.00368240591305646,-21.908429518006162,0.0,57297,1.0,Janitors,,,,,,,,,
python,author,base,janitor,1983-2000,black,-0.09912321954321124,0.005044669892008539,-19.64909928006117,0.0,57297,1.0,Janitors,,,,,,,,,
python,author,base,janitor,1983-2000,hispanic,-0.07279344920157822,0.0056549286586328185,-12.87256720568025,0.0,57297,1.0,Janitors,,,,,,,,,
python,author,base,janitor,1983-2000,age,0.027375777543484997,0.0007886546651895316,34.711995949337314,0.0,57297,1.0,Janitors,,,,,,,,,
python,author,base,janitor,1983-2000,age2,-0.000269325657044366,9.444368873884454e-06,-28.517062457090667,0.0,57297,1.0,Janitors,,,,,,,,,
python,author,base,janitor,1983-2000,msa,0.07199317352598662,0.005152442377123058,13.972630503474951,0.0,57297,1.0,Janitors,,,,,,,,,
python,author,base,janitor,1983-2000,central_city,-0.03751807126042486,0.0048463755592140926,-7.741470053655714,4.030109579389318e-13,57297,1.0,Janitors,,,,,,,,,
python,author,base,janitor,1983-2000,cc_unknown,-0.05905599968257205,0.014513224808697447,-4.069116303302979,6.668495662576213e-05,57297,1.0,Janitors,,,,,,,,,
python,author,base,janitor,1983-2000,geo_unidentified,0.02836541132554367,0.006442021199552135,4.403185032597486,1.6947944330603093e-05,57297,1.0,Janitors,,,,,,,,,
python,author,base,janitor,1983-2000_female,outsourced,-0.05593080459775522,0.0068434777438615485,-8.172862788649228,2.7533531010703882e-14,18353,,Janitors,,,,,,,,,
python,author,base,janitor,1983-2000_female,union,0.26271793658394343,0.008109964918972368,32.39446029776822,0.0,18353,,Janitors,,,,,,,,,
python,author,base,janitor,1983-2000_female,parttime,-0.03629757225294831,0.0062930996784695626,-5.767836854250436,2.8313678512859042e-08,18353,,Janitors,,,,,,,,,
python,author,base,janitor,1983-2000_female,educ_cat[T.no_school],-0.21944451583630478,0.04057162619740221,-5.408817353501983,1.7126876206141617e-07,18353,,Janitors,,,,,,,,,
python,author,base,janitor,1983-2000_female,educ_cat[T.primary],-0.13320595538124894,0.024481320705962793,-5.441126194993419,1.4613554522036054e-07,18353,,Janitors,,,,,,,,,
python,author,base,janitor,1983-2000_female,educ_cat[T.hs_attend],-0.07689934294827729,0.02479450365633703,-3.1014673257483496,0.002188749454798522,18353,,Janitors,,,,,,,,,
python,author,base,janitor,1983-2000_female,educ_cat[T.hs_complete],-0.040158492533803075,0.02524819106991164,-1.5905492960903682,0.11320817379954429,18353,,Janitors,,,,,,,,,
python,author,base,janitor,1983-2000_female,educ_cat[T.some_college],-0.016091021988950318,0.02504913806728632,-0.6423782704908667,0.5213249521617458,18353,,Janitors,,,,,,,,,
python,author,base,janitor,1983-2000_female,black,-0.06560904575596295,0.008502826690246363,-7.716145247464991,4.705125178361413e-13,18353,,Janitors,,,,,,,,,
python,author,base,janitor,1983-2000_female,hispanic,-0.06495397544665188,0.009992571014502538,-6.500226553544838,5.692226690001689e-10,18353,,Janitors,,,,,,,,,
python,author,base,janitor,1983-2000_female,age,0.01767712230889421,0.001364783398728267,12.952328058332268,0.0,18353,,Janitors,,,,,,,,,
python,author,base,janitor,1983-2000_female,age2,-0.00016975303361167578,1.5749187154496247e-05,-10.778526659594165,0.0,18353,,Janitors,,,,,,,,,
python,author,base,janitor,1983-2000_female,msa,0.06482927701486213,0.009366179102167721,6.9216354190641045,5.2705617648030056e-11,18353,,Janitors,,,,,,,,,
python,author,base,janitor,1983-2000_female,central_city,-0.039572201899077404,0.00881190898816727,-4.49076380069465,1.1677493238826386e-05,18353,,Janitors,,,,,,,,,
python,author,base,janitor,1983-2000_female,cc_unknown,-0.03612213568408852,0.024806341178713286,-1.4561653983492535,0.14683326188904067,18353,,Janitors,,,,,,,,,
python,author,base,janitor,1983-2000_female,geo_unidentified,0.022013910040431194,0.010910437310276652,2.0176927298501655,0.04488968785421177,18353,,Janitors,,,,,,,,,
python,author,base,janitor,1983-2000_male,outsourced,-0.05518254860461107,0.0056640600840783175,-9.742578254021229,0.0,38943,,Janitors,,,,,,,,,
python,author,base,janitor,1983-2000_male,union,0.2508075623004385,0.005730706882792546,43.76555413321387,0.0,38943,,Janitors,,,,,,,,,
python,author,base,janitor,1983-2000_male,parttime,-0.1950357282322208,0.006193946561970014,-31.48811929210264,0.0,38943,,Janitors,,,,,,,,,
python,author,base,janitor,1983-2000_male,educ_cat[T.no_school],-0.18431344214805334,0.026422389733449955,-6.975653754539773,3.859912389714282e-11,38943,,Janitors,,,,,,,,,
python,author,base,janitor,1983-2000_male,educ_cat[T.primary],-0.11727119794723488,0.012400004043564068,-9.457351589179662,0.0,38943,,Janitors,,,,,,,,,
python,author,base,janitor,1983-2000_male,educ_cat[T.hs_attend],-0.04451046284786834,0.012071856419817943,-3.687126594282307,0.0002884623087544558,38943,,Janitors,,,,,,,,,
python,author,base,janitor,1983-2000_male,educ_cat[T.hs_complete],0.010063271901317812,0.012134621251695465,0.8293025132458716,0.4078704412152354,38943,,Janitors,,,,,,,,,
python,author,base,janitor,1983-2000_male,educ_cat[T.some_college],0.03699748920540171,0.01267814943265444,2.9182089548581303,0.0039019582678476716,38943,,Janitors,,,,,,,,,
python,author,base,janitor,1983-2000_male,black,-0.10819486088158173,0.0064115620590648875,-16.874961184944333,0.0,38943,,Janitors,,,,,,,,,
python,author,base,janitor,1983-2000_male,hispanic,-0.07785325913808454,0.007098148712181825,-10.968107642556568,0.0,38943,,Janitors,,,,,,,,,
python,author,base,janitor,1983-2000_male,age,0.028505582293082816,0.0009586770922386368,29.734289599554884,0.0,38943,,Janitors,,,,,,,,,
python,author,base,janitor,1983-2000_male,age2,-0.00027757724617555833,1.160599674237326e-05,-23.916708951169134,0.0,38943,,Janitors,,,,,,,,,
python,author,base,janitor,1983-2000_male,msa,0.07773421243915145,0.006260423495571935,12.41676581370792,0.0,38943,,Janitors,,,,,,,,,
python,author,base,janitor,1983-2000_male,central_city,-0.036199916266550086,0.005552573195981899,-6.519484748574955,5.115947665501608e-10,38943,,Janitors,,,,,,,,,
python,author,base,janitor,1983-2000_male,cc_unknown,-0.07077445805760693,0.016502571314611372,-4.2886927563187225,2.7351851861423526e-05,38943,,Janitors,,,,,,,,,
python,author,base,janitor,1983-2000_male,geo_unidentified,0.0339432456076358,0.007769438580315682,4.368815746047978,1.958613443542312e-05,38943,,Janitors,,,,,,,,,
python,author,interactions,janitor,1983-2000,outsourced,-0.07264549110512854,0.005244178334943803,-13.852597388053358,0.0,57297,4.0,Janitors,Janitors,3a,4.0,Baseline with Interactions,-0.065,0.006,33222.0,0.45,-0.007645491105128535
python,author,interactions,janitor,1983-2000,union,0.25538222063798466,0.004918509677160865,51.92268337375726,0.0,57297,4.0,Janitors,Janitors,3a,4.0,Baseline with Interactions,0.301,0.007,33222.0,0.45,-0.04561777936201533
python,author,interactions,janitor,1983-2000,parttime,-0.14297821026174876,0.005024280227032246,-28.457451376314545,0.0,57297,4.0,Janitors,Janitors,3a,4.0,Baseline with Interactions,-0.19,0.005,33222.0,0.45,0.047021789738251246
python,author,interactions,janitor,1983-2000,educ_cat[T.no_school],-0.18891093160215658,0.023031546391643225,-8.202268679219086,2.2870594307278225e-14,57297,4.0,Janitors,,,,,,,,,
python,author,interactions,janitor,1983-2000,educ_cat[T.primary],-0.11733008333505208,0.010536831520401331,-11.135233880116473,0.0,57297,4.0,Janitors,,,,,,,,,
python,author,interactions,janitor,1983-2000,educ_cat[T.hs_attend],-0.05054270726354498,0.010882135120045319,-4.644557957237945,5.991821121265062e-06,57297,4.0,Janitors,,,,,,,,,
python,author,interactions,janitor,1983-2000,educ_cat[T.hs_complete],-0.00020462285727656233,0.011149047014131051,-0.018353394421712417,0.985374275194838,57297,4.0,Janitors,,,,,,,,,
python,author,interactions,janitor,1983-2000,educ_cat[T.some_college],0.02682140069206028,0.011195584343032087,2.3957124407493207,0.01746141691326053,57297,4.0,Janitors,,,,,,,,,
python,author,interactions,janitor,1983-2000,female,-0.08012610512505283,0.003699404462132683,-21.65919026838732,0.0,57297,4.0,Janitors,,,,,,,,,
python,author,interactions,janitor,1983-2000,black,-0.09975106124775611,0.005050764190872005,-19.749696774209188,0.0,57297,4.0,Janitors,,,,,,,,,
python,author,interactions,janitor,1983-2000,hispanic,-0.072661529592396,0.005634392550727443,-12.896071570841269,0.0,57297,4.0,Janitors,,,,,,,,,
python,author,interactions,janitor,1983-2000,age,0.02695041891779492,0.0007922877036564184,34.01595000581023,0.0,57297,4.0,Janitors,,,,,,,,,
python,author,interactions,janitor,1983-2000,age2,-0.0002643921101389865,9.476383604851531e-06,-27.90010632364315,0.0,57297,4.0,Janitors,,,,,,,,,
python,author,interactions,janitor,1983-2000,msa,0.07149680533925985,0.005136012185705682,13.92068452217589,0.0,57297,4.0,Janitors,,,,,,,,,
python,author,interactions,janitor,1983-2000,central_city,-0.03695289839149919,0.004866048623043685,-7.594025718630278,9.898748487557896e-13,57297,4.0,Janitors,,,,,,,,,
python,author,interactions,janitor,1983-2000,cc_unknown,-0.05890347542668531,0.014472153763890352,-4.070125040659538,6.641789628192285e-05,57297,4.0,Janitors,,,,,,,,,
python,author,interactions,janitor,1983-2000,geo_unidentified,0.027825742501256464,0.0064509043842812305,4.313463794171064,2.4680955397871074e-05,57297,4.0,Janitors,,,,,,,,,
python,author,interactions,janitor,1983-2000,union_x_outsourced,-0.007204851429783545,0.013095879686089272,-0.5501616998999078,0.5827903917093842,57297,4.0,Janitors,Janitors,3a,4.0,Baseline with Interactions,-0.037,0.018,33222.0,0.45,0.029795148570216454
python,author,interactions,janitor,1983-2000,parttime_x_outsourced,0.05925530087485164,0.009451253212702931,6.26957076921923,2.0125774380375105e-09,57297,4.0,Janitors,Janitors,3a,4.0,Baseline with Interactions,0.073,0.009,33222.0,0.45,-0.013744699125148356
python,author,base,guard,1983-2000,outsourced,-0.22613015036896267,0.0067151273866619884,-33.67473725340143,0.0,18251,1.0,Guards,Guards,3b,1.0,Baseline,-0.202,0.007,11116.0,0.45,-0.024130150368962655
python,author,base,guard,1983-2000,union,0.18279935369155953,0.00951307865544608,19.215583126384633,0.0,18251,1.0,Guards,Guards,3b,1.0,Baseline,0.206,0.011,11116.0,0.45,-0.02320064630844046
python,author,base,guard,1983-2000,parttime,-0.2241980197251504,0.009719990591347845,-23.065662216249272,0.0,18251,1.0,Guards,Guards,3b,1.0,Baseline,-0.181,0.01,11116.0,0.45,-0.043198019725150416
python,author,base,guard,1983-2000,educ_cat[T.no_school],-0.4718901564527792,0.08062564364256034,-5.8528544410116154,1.8276985924714495e-08,18251,1.0,Guards,,,,,,,,,
python,author,base,guard,1983-2000,educ_cat[T.primary],-0.33160188280372116,0.019488724124177997,-17.015063720478807,0.0,18251,1.0,Guards,,,,,,,,,
python,author,base,guard,1983-2000,educ_cat[T.hs_attend],-0.23040481866542478,0.014643084116415019,-15.734719327818317,0.0,18251,1.0,Guards,,,,,,,,,
python,author,base,guard,1983-2000,educ_cat[T.hs_complete],-0.16367341040892636,0.015043419610629086,-10.880066809628921,0.0,18251,1.0,Guards,,,,,,,,,
python,author,base,guard,1983-2000,educ_cat[T.some_college],-0.11871494974652784,0.014890894045098652,-7.972318477788306,9.681144774731365e-14,18251,1.0,Guards,,,,,,,,,
python,author,base,guard,1983-2000,female,-0.05239141948824302,0.009099047305276062,-5.757901649534668,2.9791208611129605e-08,18251,1.0,Guards,,,,,,,,,
python,author,base,guard,1983-2000,black,-0.059288499644732574,0.009573628623212373,-6.19289738281478,3.042748053516675e-09,18251,1.0,Guards,,,,,,,,,
python,author,base,guard,1983-2000,hispanic,-0.08398235570647306,0.012915641567177758,-6.5023758417000055,5.624876120435829e-10,18251,1.0,Guards,,,,,,,,,
python,author,base,guard,1983-2000,age,0.03837305602846907,0.0013576279037295427,28.264781478823732,0.0,18251,1.0,Guards,,,,,,,,,
python,author,base,guard,1983-2000,age2,-0.0004210160398147477,1.5485981155230848e-05,-27.18691412539509,0.0,18251,1.0,Guards,,,,,,,,,
python,author,base,guard,1983-2000,msa,0.08884175892808101,0.010961824803911169,8.104650504574964,4.241051954068098e-14,18251,1.0,Guards,,,,,,,,,
python,author,base,guard,1983-2000,central_city,-0.03218995304657506,0.008026008044814362,-4.010705305406854,8.40197368585649e-05,18251,1.0,Guards,,,,,,,,,
python,author,base,guard,1983-2000,cc_unknown,-0.09580381309487081,0.02647236311410756,-3.6190125030362466,0.0003701980223167478,18251,1.0,Guards,,,,,,,,,
python,author,base,guard,1983-2000,geo_unidentified,0.012038855862531957,0.013865002722446434,0.8682909122723735,0.3862215972380474,18251,1.0,Guards,,,,,,,,,
python,author,base,guard,1983-2000_female,outsourced,-0.19190955317016162,0.018646011961831487,-10.292257323603662,0.0,2787,,Guards,,,,,,,,,
python,author,base,guard,1983-2000_female,union,0.1350658833028224,0.025079835449560908,5.3854373795417825,1.920323269288815e-07,2787,,Guards,,,,,,,,,
python,author,base,guard,1983-2000_female,parttime,-0.23925505920123738,0.028346112817401535,-8.440489203668163,5.10702591327572e-15,2787,,Guards,,,,,,,,,
python,author,base,guard,1983-2000_female,educ_cat[T.no_school],-0.5073942735740914,0.16073749040863014,-3.156664150250096,0.0018292540453299644,2787,,Guards,,,,,,,,,
python,author,base,guard,1983-2000_female,educ_cat[T.primary],-0.36366989343426964,0.05994240107566897,-6.066989091330973,5.9557905274232326e-09,2787,,Guards,,,,,,,,,
python,author,base,guard,1983-2000_female,educ_cat[T.hs_attend],-0.3176184007751826,0.04157556382843363,-7.639545240706095,7.507328092515309e-13,2787,,Guards,,,,,,,,,
python,author,base,guard,1983-2000_female,educ_cat[T.hs_complete],-0.19014404336268484,0.04228151236523905,-4.497096549436774,1.1364759962884108e-05,2787,,Guards,,,,,,,,,
python,author,base,guard,1983-2000_female,educ_cat[T.some_college],-0.1536873371617974,0.04332920590659562,-3.546968700351901,0.00048010281589538906,2787,,Guards,,,,,,,,,
python,author,base,guard,1983-2000_female,black,-0.02635607624996976,0.023809362909524803,-1.1069626831311037,0.2695704455900807,2787,,Guards,,,,,,,,,
python,author,base,guard,1983-2000_female,hispanic,-0.08868975693745045,0.0376268833097832,-2.3570848589096567,0.019334438166014545,2787,,Guards,,,,,,,,,
python,author,base,guard,1983-2000_female,age,0.04245178194411978,0.003752939755339261,11.311607622724068,0.0,2787,,Guards,,,,,,,,,
python,author,base,guard,1983-2000_female,age2,-0.0004687043308641611,4.4758724630448027e-05,-10.471798174189162,0.0,2787,,Guards,,,,,,,,,
python,author,base,guard,1983-2000_female,msa,0.03782343748742792,0.02852950272677659,1.3257657467660113,0.1863508131860958,2787,,Guards,,,,,,,,,
python,author,base,guard,1983-2000_female,central_city,-0.019347437625127663,0.02515660819606883,-0.7690797373928592,0.4427060021082365,2787,,Guards,,,,,,,,,
python,author,base,guard,1983-2000_female,cc_unknown,-0.08261868334680701,0.04482646296862404,-1.8430783487119062,0.06672030398321382,2787,,Guards,,,,,,,,,
python,author,base,guard,1983-2000_female,geo_unidentified,-0.0504562574014674,0.03701203786150687,-1.3632391058894582,0.17426003866207695,2787,,Guards,,,,,,,,,
python,author,base,guard,1983-2000_male,outsourced,-0.23468816976980575,0.007149595258761419,-32.82537839917705,0.0,15255,,Guards,,,,,,,,,
python,author,base,guard,1983-2000_male,union,0.18955774995175345,0.010571912256638921,17.93031812505968,0.0,15255,,Guards,,,,,,,,,
python,author,base,guard,1983-2000_male,parttime,-0.2193682562339856,0.010831375705397522,-20.253037305747725,0.0,15255,,Guards,,,,,,,,,
python,author,base,guard,1983-2000_male,educ_cat[T.no_school],-0.4407683713238906,0.08581633868110554,-5.1361824344638,6.363908513495886e-07,15255,,Guards,,,,,,,,,
python,author,base,guard,1983-2000_male,educ_cat[T.primary],-0.31794977987188994,0.020998249320125128,-15.141728009066009,0.0,15255,,Guards,,,,,,,,,
python,author,base,guard,1983-2000_male,educ_cat[T.hs_attend],-0.21230607710052968,0.016235954187586332,-13.076291953499993,0.0,15255,,Guards,,,,,,,,,
python,author,base,guard,1983-2000_male,educ_cat[T.hs_complete],-0.15292799825590728,0.017089168594051893,-8.948826118383305,2.220446049250313e-16,15255,,Guards,,,,,,,,,
python,author,base,guard,1983-2000_male,educ_cat[T.some_college],-0.10742897831989036,0.016348309281719372,-6.571259233517016,3.8359959653178066e-10,15255,,Guards,,,,,,,,,
python,author,base,guard,1983-2000_male,black,-0.06338563064638181,0.010805582165356958,-5.866007927791078,1.707371177772643e-08,15255,,Guards,,,,,,,,,
python,author,base,guard,1983-2000_male,hispanic,-0.0845864397370148,0.014242174735789242,-5.939151941764698,1.1669459620833322e-08,15255,,Guards,,,,,,,,,
python,author,base,guard,1983-2000_male,age,0.03801794452652456,0.001486120487304525,25.58200687716796,0.0,15255,,Guards,,,,,,,,,
python,author,base,guard,1983-2000_male,age2,-0.0004170329660829795,1.6829927523729064e-05,-24.779249078464012,0.0,15255,,Guards,,,,,,,,,
python,author,base,guard,1983-2000_male,msa,0.1005335374255337,0.011799186515430762,8.520378696790475,3.1086244689504383e-15,15255,,Guards,,,,,,,,,
python,author,base,guard,1983-2000_male,central_city,-0.034454770694998485,0.008655942305020025,-3.9804760106841743,9.459814219603402e-05,15255,,Guards,,,,,,,,,
python,author,base,guard,1983-2000_male,cc_unknown,-0.09849750901609203,0.03120713776390304,-3.1562493735014376,0.0018317386734043595,15255,,Guards,,,,,,,,,
python,author,base,guard,1983-2000_male,geo_unidentified,0.02561087884002845,0.015263279846608602,1.677940724235559,0.09483920515532307,15255,,Guards,,,,,,,,,
python,author,interactions,guard,1983-2000,outsourced,-0.24352196934000853,0.00842576056264946,-28.902075667746445,0.0,18251,4.0,Guards,Guards,3b,4.0,Baseline with Interactions,-0.213,0.008,11116.0,0.46,-0.03052196934000853
python,author,interactions,guard,1983-2000,union,0.1976347987464801,0.011016550494666237,17.93980782298114,0.0,18251,4.0,Guards,Guards,3b,4.0,Baseline with Interactions,0.247,0.013,11116.0,0.46,-0.0493652012535199
python,author,interactions,guard,1983-2000,parttime,-0.2943008409550079,0.011852020521368889,-24.831280069452383,0.0,18251,4.0,Guards,Guards,3b,4.0,Baseline with Interactions,-0.24,0.012,11116.0,0.46,-0.05430084095500792
python,author,interactions,guard,1983-2000,educ_cat[T.no_school],-0.45809289166785166,0.08004378024782138,-5.72302920038962,3.5598038961026646e-08,18251,4.0,Guards,,,,,,,,,
python,author,interactions,guard,1983-2000,educ_cat[T.primary],-0.3288704391134952,0.01922779114108388,-17.103911556996277,0.0,18251,4.0,Guards,,,,,,,,,
python,author,interactions,guard,1983-2000,educ_cat[T.hs_attend],-0.23009974931401664,0.014617404516602194,-15.741491524892353,0.0,18251,4.0,Guards,,,,,,,,,
python,author,interactions,guard,1983-2000,educ_cat[T.hs_complete],-0.16314739621824398,0.014800614954154181,-11.023014700646096,0.0,18251,4.0,Guards,,,,,,,,,
python,author,interactions,guard,1983-2000,educ_cat[T.some_college],-0.11748006790106744,0.014796019960222418,-7.9399776572957155,1.1857181902996672e-13,18251,4.0,Guards,,,,,,,,,
python,author,interactions,guard,1983-2000,female,-0.04846036795699936,0.009135957418833652,-5.304355716139719,2.8480668667896225e-07,18251,4.0,Guards,,,,,,,,,
python,author,interactions,guard,1983-2000,black,-0.05872426163593395,0.009601262954918173,-6.116305939298631,4.583097013011184e-09,18251,4.0,Guards,,,,,,,,,
python,author,interactions,guard,1983-2000,hispanic,-0.08543551745675977,0.012869323818538924,-6.638695137477659,2.630804463166214e-10,18251,4.0,Guards,,,,,,,,,
python,author,interactions,guard,1983-2000,age,0.037180586203853505,0.0013515036740206006,27.510532837283854,0.0,18251,4.0,Guards,,,,,,,,,
python,author,interactions,guard,1983-2000,age2,-0.00040886996012459817,1.5450567289469394e-05,-26.463103422957854,0.0,18251,4.0,Guards,,,,,,,,,
python,author,interactions,guard,1983-2000,msa,0.08791146803516091,0.010910444290387948,8.057551617087721,5.706546346573305e-14,18251,4.0,Guards,,,,,,,,,
python,author,interactions,guard,1983-2000,central_city,-0.030538597106333956,0.007978056297642118,-3.8278242177056976,0.0001703703045983218,18251,4.0,Guards,,,,,,,,,
python,author,interactions,guard,1983-2000,cc_unknown,-0.09434876586340162,0.02610722180565193,-3.613895287892185,0.0003771472339295645,18251,4.0,Guards,,,,,,,,,
python,author,interactions,guard,1983-2000,geo_unidentified,0.013802126818704574,0.01374441327305509,1.0041990548816389,0.3164328942103243,18251,4.0,Guards,,,,,,,,,
python,author,interactions,guard,1983-2000,union_x_outsourced,-0.06510872986971063,0.018208013220110186,-3.575828350003616,0.0004328307098044881,18251,4.0,Guards,Guards,3b,4.0,Baseline with Interactions,-0.142,0.022,11116.0,0.46,0.07689127013028936
python,author,interactions,guard,1983-2000,parttime_x_outsourced,0.1728043041622559,0.01720605555072648,10.043225982433825,0.0,18251,4.0,Guards,Guards,3b,4.0,Baseline with Interactions,0.142,0.017,11116.0,0.46,0.030804304162255908
