occ,sample,variable,mean_in_house,mean_outsourced,se_in_house,se_outsourced,diff,se_diff
guard,2001-2005,age,41.40594128253257,41.38752339698497,0.31859370940705345,0.34105597957722505,-0.018417885547599155,0.4667131162492935
guard,2001-2005,black,0.23845559399477842,0.32312396307703894,0.0090157508580662,0.010558784153965984,0.08466836908226053,0.013884224369577314
guard,2001-2005,educ4_college,0.16278564958388395,0.1044372191943933,0.007778508836845547,0.0068866391116548294,-0.05834843038949064,0.010388984453692202
guard,2001-2005,educ4_hs,0.38414035545631686,0.44915747718479754,0.010248393669507982,0.01120068808252652,0.06501712172848068,0.015181731993658132
guard,2001-2005,educ4_lths,0.09272427454384728,0.1247506391328305,0.006111338322113036,0.007440788286740698,0.03202636458898321,0.009628799842941224
guard,2001-2005,educ4_some_college,0.3603497204159519,0.32165466448797875,0.010115872591775026,0.010518456258746235,-0.038695055927973177,0.014593450598134185
guard,2001-2005,female,0.24213602813800322,0.22911764214127978,0.009025999330807388,0.00946356949945009,-0.013018385996723447,0.013077760190134144
guard,2001-2005,gov_employee,0.32958811569575147,0.03287900692114772,0.009904363773680498,0.004015423977295778,-0.29670910877460377,0.010687378138666022
guard,2001-2005,hispanic,0.13225049478604842,0.12199599567492679,0.007167147927867416,0.007389172328786325,-0.010254499111121626,0.010294069998034583
guard,2001-2005,parttime,0.13966835806416925,0.1085671941347608,0.007392022623108801,0.007074765001361425,-0.03110116392940844,0.010232023176529697
guard,2001-2005,real_wage_trimmed,22.36435181411312,19.229291103871414,0.24374676783424845,0.20455135237943192,-3.1350607102417065,0.3182039323922593
guard,2001-2005,union,0.17503072144776913,0.08400448446741982,0.008006560478381395,0.006246396755828963,-0.09102623698034931,0.010154924082690598
guard,2006-2010,age,42.07184313952285,41.30279756995172,0.30866433213533384,0.35400496414475907,-0.7690455695711265,0.46967348719262814
guard,2006-2010,black,0.23387893359174775,0.33709843482572394,0.008716082461514067,0.01050093892946944,0.10321950123397619,0.013646970794881915
guard,2006-2010,educ4_college,0.1905081813315269,0.10046248316703228,0.00808611890203803,0.006677852733438909,-0.0900456981644946,0.010487089015899228
guard,2006-2010,educ4_hs,0.34796771083500905,0.4505374972903674,0.009808014520652365,0.011052480150201126,0.10256978645535836,0.014776821928544634
guard,2006-2010,educ4_lths,0.050514290963582294,0.08860548500051661,0.0045095003255189794,0.00631260698220478,0.03809119403693432,0.00775787342624487
guard,2006-2010,educ4_some_college,0.4110098168698818,0.36039453454208376,0.01013111397840052,0.010665234863789728,-0.05061528232779805,0.01471008854980616
guard,2006-2010,female,0.22735316578469814,0.22476355644093754,0.00863014501524998,0.009272680168488702,-0.002589609343760596,0.012667359649561062
guard,2006-2010,gov_employee,0.32478589308195394,0.028803970375815918,0.009642650103167578,0.0037153939488536614,-0.295981922706138,0.01033367568715489
guard,2006-2010,hispanic,0.12920345513429965,0.1487135498731802,0.006906730148020175,0.0079038442422955,0.019510094738880546,0.010496364853797648
guard,2006-2010,parttime,0.13550488001570596,0.11083176770274641,0.007135782785428242,0.007033652490499015,-0.024673112312959544,0.010019564028335615
guard,2006-2010,real_wage_trimmed,22.781501170359533,19.031689351192448,0.2601052100468688,0.21633756386830133,-3.7498118191670855,0.33831444224862334
guard,2006-2010,union,0.1507505515358208,0.08988744433710344,0.00736756824344168,0.006353635727385633,-0.06086310719871735,0.00972881024473607
guard,2011-2015,age,42.41447080946501,41.40785007645573,0.31398278750078557,0.3593025572583199,-1.006620733009278,0.47716194158705877
guard,2011-2015,black,0.22518032846370967,0.31678765417432,0.008723353996679941,0.01050459805842502,0.09160732571061031,0.013654430977542003
guard,2011-2015,educ4_college,0.21464835580138775,0.13456075724282898,0.008574598923622166,0.007705396050854803,-0.08008759855855876,0.011528090691936424
guard,2011-2015,educ4_hs,0.328732747539894,0.39777942831458907,0.009810410239583144,0.011051377542756804,0.06904668077469506,0.014777587579218309
guard,2011-2015,educ4_lths,0.04746855592302936,0.07019347207364798,0.004440793962480692,0.005768489689248666,0.022724916150618626,0.0072798437010813035
guard,2011-2015,educ4_some_college,0.40915034073568884,0.39746634236893386,0.010268284822545987,0.011049898727147955,-0.011683998366754988,0.01508436061214244
guard,2011-2015,female,0.2156428474916668,0.20631522685422596,0.008588996245964715,0.009137073696892789,-0.009327620637440831,0.012540214202941114
guard,2011-2015,gov_employee,0.3440671271675309,0.021476382368720723,0.009921315084158281,0.003273283962319001,-0.32259074479881017,0.010447338459967755
guard,2011-2015,hispanic,0.16844736973351804,0.1744602825676621,0.00781618699894809,0.008569090601736017,0.0060129128341440685,0.011598365960051687
guard,2011-2015,parttime,0.13955454098691847,0.1273285329006959,0.007312728666318433,0.007605077744902807,-0.012226008086222567,0.0105505074784681
guard,2011-2015,real_wage_trimmed,23.10076981085229,18.404226566452206,0.2869291118287207,0.21169808254213912,-4.696543244400086,0.3565731248521639
guard,2011-2015,union,0.17748755871409003,0.08623051494668132,0.007979453517540888,0.006338204945388166,-0.0912570437674087,0.010190413159844829
guard,2016-2019,age,42.424486647818085,40.765612684479194,0.3661421500980231,0.418849935141469,-1.6588739633388911,0.5563230556487985
guard,2016-2019,black,0.24463899682124074,0.35043675424924287,0.010349705774041595,0.012445698774572002,0.10579775742800213,0.016186779407794897
guard,2016-2019,educ4_college,0.23555832096522855,0.1361751500343938,0.010216668075351543,0.008946754432804313,-0.09938317093083476,0.013580306382508865
guard,2016-2019,educ4_hs,0.30827433589366743,0.38062157000244456,0.01111791911255131,0.012665678964839668,0.07234723410877714,0.016853116893726684
guard,2016-2019,educ4_lths,0.03358211344609593,0.058037912225736836,0.0043373490341043364,0.0060992486916642726,0.024455798779640908,0.007484212132643901
guard,2016-2019,educ4_some_college,0.42258522969500817,0.4251653677374248,0.011892933248395632,0.012895973814167933,0.0025801380424166354,0.017542747842527386
guard,2016-2019,female,0.2250384899575831,0.23513453236661955,0.010054404400673853,0.011062530312188037,0.010096042409036443,0.01494893390046156
guard,2016-2019,gov_employee,0.3497239285832229,0.02349312020333581,0.011481521435533423,0.003951042882518195,-0.32623080837988705,0.012142325738264114
guard,2016-2019,hispanic,0.1745713168086774,0.17127016202618411,0.009139324596513964,0.009827681684076715,-0.003301154782493293,0.01342052835636444
guard,2016-2019,parttime,0.12812208009006762,0.10800948509637749,0.008089046880164843,0.008166006469490408,-0.020112594993690128,0.01149418727397739
guard,2016-2019,real_wage_trimmed,23.736230221121318,19.805009467191066,0.3232119404351313,0.25527809102259935,-3.9312207539302513,0.4118651019399257
guard,2016-2019,union,0.19226035236446673,0.10786114711843472,0.009487863924741848,0.008091936821554067,-0.084399205246032,0.012469923952392024
guard,2021-2025,age,43.190746992233564,41.118806517408395,0.39868615117023876,0.42635676240108894,-2.071940474825169,0.5837214541029626
guard,2021-2025,black,0.2577438435305636,0.3995039272080699,0.011475322364101358,0.013217525017223859,0.14176008367750625,0.017503885024216292
guard,2021-2025,educ4_college,0.22231934233906653,0.14912238945006656,0.010908954071304672,0.009612569745244841,-0.07319695288899997,0.014539834113119423
guard,2021-2025,educ4_hs,0.3542441272555268,0.4504255697817279,0.012548139896190382,0.013426391491661322,0.09618144252620109,0.018377263216859042
guard,2021-2025,educ4_lths,0.03693059358904763,0.05161854212205162,0.00494784148541953,0.005970750494923724,0.014687948533003994,0.007754417891593826
guard,2021-2025,educ4_some_college,0.38650593681635903,0.3488334986461541,0.012775476482982754,0.012861441481726032,-0.037672438170204936,0.018128140454969684
guard,2021-2025,female,0.2621596363211913,0.256208659202219,0.011538728582782258,0.011780317341468062,-0.0059509771189723,0.0164899403871818
guard,2021-2025,gov_employee,0.3234445500848341,0.026919909662889277,0.012272850880025905,0.004367627797520344,-0.2965246404219448,0.013026858458624052
guard,2021-2025,hispanic,0.1919291708835006,0.19170767737901215,0.010332110644794815,0.010622787859465854,-0.0002214935044884403,0.014818776342313069
guard,2021-2025,parttime,0.12614078467412032,0.13579736279933025,0.008794238557125945,0.009339884410044397,0.009656578125209925,0.01282856471288316
guard,2021-2025,real_wage_trimmed,23.61062542011812,21.00626085760294,0.3203918401257478,0.27003452056087784,-2.6043645625151797,0.4190102307983731
guard,2021-2025,union,0.17614488674703238,0.08498638818175705,0.009994343715302943,0.007525285697620466,-0.09115849856527533,0.01251066869237718
janitor,2001-2005,age,43.523414887260024,39.1395531780229,0.15191126531184007,0.2921149317279648,-4.383861709237124,0.32925395345702047
janitor,2001-2005,black,0.18133852168460163,0.16690254295194107,0.004074766960189644,0.008117429348207115,-0.01443597873266056,0.009082752061076385
janitor,2001-2005,educ4_college,0.038545959494107426,0.030876203309741494,0.0020293577830668296,0.0037546750893930284,-0.007669756184365932,0.004268006330665697
janitor,2001-2005,educ4_hs,0.4617247918152775,0.40741005695474863,0.005255314516939849,0.010665072142519246,-0.054314734860528846,0.011889579238858656
janitor,2001-2005,educ4_lths,0.3188580671659802,0.4347123236273843,0.00491272483795884,0.01075985754120796,0.11585425646140413,0.011828330382627445
janitor,2001-2005,educ4_some_college,0.18087118152463494,0.12700141610812551,0.004057567162759561,0.007227395780598654,-0.053869765416509424,0.00828849208539888
janitor,2001-2005,female,0.3012358001282538,0.479589775534012,0.004836414804397894,0.010843728979482985,0.1783539754057582,0.011873388999804488
janitor,2001-2005,gov_employee,0.3232181622176107,0.010841195450060343,0.00493034321357586,0.002247720901321745,-0.31237696676755033,0.005418536098790169
janitor,2001-2005,hispanic,0.22677937986838984,0.43741215433740505,0.00442852456663917,0.010798905283061993,0.2106327744690152,0.01167168304701044
janitor,2001-2005,parttime,0.20496012988697093,0.2790470975808525,0.004301898509353538,0.009899746536878763,0.07408696769388157,0.010794040590956717
janitor,2001-2005,real_wage_trimmed,18.563320628385792,16.014477026950665,0.09272677460151772,0.15194841698103217,-2.5488436014351272,0.17800723623224507
janitor,2001-2005,union,0.20507427336869632,0.1053132170515075,0.004256217309785277,0.006662661312823544,-0.09976105631718883,0.00790610153979263
janitor,2006-2010,age,44.8436685412521,40.42213624652615,0.1598060994701962,0.31155409396564854,-4.421532294725949,0.35014845836392655
janitor,2006-2010,black,0.18149384907343227,0.1511095095910325,0.004202208557866691,0.007833461603206384,-0.03038433948239977,0.008889413785661954
janitor,2006-2010,educ4_college,0.043879615889819076,0.05291673601112049,0.0022331781546429826,0.004896351551265263,0.009037120121301416,0.0053815744149786114
janitor,2006-2010,educ4_hs,0.48084396556652725,0.40938250763017053,0.005447367957604892,0.010754736650081,-0.07146145793635672,0.012055628481258702
janitor,2006-2010,educ4_lths,0.2718488810905551,0.3889362269575979,0.004850764707270013,0.010662632813606264,0.11708734586704278,0.011714164791528646
janitor,2006-2010,educ4_some_college,0.20342753745309872,0.14876452940111112,0.004388874768602587,0.007783170408044684,-0.054663008051987594,0.00893532110979448
janitor,2006-2010,female,0.28055391928815565,0.46195408228213475,0.004898272805694876,0.010904131032898716,0.1814001629939791,0.011953792287873952
janitor,2006-2010,gov_employee,0.3344806951052011,0.01852578331774666,0.005144006763999047,0.0029492373436402776,-0.31595491178745444,0.005929486191668744
janitor,2006-2010,hispanic,0.25050797717490814,0.4455240029726594,0.004724218337718685,0.010870735163794243,0.1950160257977513,0.011852895085327895
janitor,2006-2010,parttime,0.1907389356910976,0.2892312533915243,0.004332875962030131,0.01006367029674548,0.09849231770042668,0.010956791224803718
janitor,2006-2010,real_wage_trimmed,18.773355775948122,16.49490087319399,0.0994234590385392,0.18163069431374418,-2.278454902754131,0.20706214845809184
janitor,2006-2010,union,0.20211165458184754,0.09144902370545563,0.004378268718022001,0.0063044350243724664,-0.11066263087639192,0.00767561971072983
janitor,2011-2015,age,45.58348488117892,42.108094119237926,0.1662981143708291,0.2955862690795585,-3.475390761940993,0.33915528200466893
janitor,2011-2015,black,0.1682976049352537,0.1746041375227982,0.004164877741767898,0.007988601338617276,0.006306532587544489,0.009009104170295257
janitor,2011-2015,educ4_college,0.05584934829814178,0.04623938589375298,0.00255628350153626,0.004419143053268752,-0.0096099624043888,0.005105233654347267
janitor,2011-2015,educ4_hs,0.4773339958065277,0.4250568140323569,0.005560356321578811,0.010402753232805055,-0.05227718177417079,0.011795543109393373
janitor,2011-2015,educ4_lths,0.22975091152739952,0.36500293414065094,0.004682993248377932,0.010130861466805335,0.13525202261325142,0.011160859278028483
janitor,2011-2015,educ4_some_college,0.23706574436793093,0.1637008659332392,0.004734316334105528,0.007786076232312777,-0.07336487843469172,0.009112449409832921
janitor,2011-2015,female,0.2690423853742511,0.4744632645701618,0.004936688940791591,0.010507881716369237,0.20542087919591068,0.011609757786592316
janitor,2011-2015,gov_employee,0.29998450371483865,0.017389845543589844,0.005101319811313702,0.002750748126652229,-0.2825946581712488,0.005795694874092529
janitor,2011-2015,hispanic,0.25518801041151645,0.49461484132786077,0.004853251261154591,0.010521003218526975,0.2394268309163443,0.011586438474706263
janitor,2011-2015,parttime,0.2054044386026793,0.29213982577962566,0.004536997287263561,0.009641455950498829,0.08673538717694637,0.010655609660176474
janitor,2011-2015,real_wage_trimmed,18.65846769298235,16.238958683369237,0.10411656909502431,0.1655027131460676,-2.4195090096131118,0.19552853505007525
janitor,2011-2015,union,0.1812110681790108,0.08883492645380027,0.004288028423500468,0.005986910216719681,-0.09237614172521054,0.007364121244507753
janitor,2016-2019,age,45.77638971423688,42.58711518354405,0.19764135750605036,0.34021924978769397,-3.1892745306928276,0.39346060047091846
janitor,2016-2019,black,0.1787898556775701,0.16399335044989916,0.004980891265045296,0.008701172383877612,-0.014796505227670953,0.010025950261604081
janitor,2016-2019,educ4_college,0.06622555462575481,0.059643733883456534,0.003232527778138058,0.005565297830503396,-0.0065818207422982805,0.0064359751225933105
janitor,2016-2019,educ4_hs,0.48528587334945666,0.4405649962961042,0.006496663009012585,0.011666473533438602,-0.04472087705335248,0.01335339788065554
janitor,2016-2019,educ4_lths,0.21524790696637572,0.3300540759260723,0.005342495699589088,0.011050252766195472,0.11480616895969656,0.012273970282550735
janitor,2016-2019,educ4_some_college,0.2332406650584128,0.16973719389436695,0.005497182343313393,0.008821777258161865,-0.06350347116404584,0.010394362304069375
janitor,2016-2019,female,0.2875488974525182,0.4904798173501408,0.005883582616589185,0.011747651486664037,0.20293091989762257,0.013138639954666168
janitor,2016-2019,gov_employee,0.2830344986706188,0.01492825820073337,0.005855679359461833,0.002849694387098175,-0.26810624046988546,0.006512276012323662
janitor,2016-2019,hispanic,0.2738897336467495,0.47458883483084846,0.005796924402410367,0.011734597415347887,0.20069910118409895,0.013088357766639408
janitor,2016-2019,parttime,0.19979061304205703,0.2628918231967371,0.005235630035800829,0.01046334301628462,0.06310121015468007,0.011700143971260008
janitor,2016-2019,real_wage_trimmed,19.29633666160018,17.66899960021243,0.1177593608349181,0.19575399577481367,-1.627337061387749,0.22844450951172848
janitor,2016-2019,union,0.1656374842751541,0.08312090632124787,0.004832425603411135,0.006487404199448092,-0.08251657795390623,0.00808942213384369
janitor,2021-2025,age,46.00016661519608,42.51252500752941,0.22302621057568078,0.35701856914377084,-3.487641607666667,0.4209548067396468
janitor,2021-2025,black,0.16765117396469498,0.14521642218153635,0.005247548277334355,0.008334333599380503,-0.022434751783158624,0.009848750147542454
janitor,2021-2025,educ4_college,0.0830934621223659,0.07999766539855178,0.0038774519044541007,0.006417532106008278,-0.0030957967238141176,0.007497956495139311
janitor,2021-2025,educ4_hs,0.48476393462618955,0.44373460499438205,0.007020511193025033,0.011752698635302315,-0.0410293296318075,0.013689905135669372
janitor,2021-2025,educ4_lths,0.18420503994448897,0.29021132534716226,0.005445549635085156,0.01073634948140124,0.10600628540267329,0.01203840566748607
janitor,2021-2025,educ4_some_college,0.2479375633069556,0.18605640425990402,0.006065946431955776,0.009205648661785894,-0.061881159047051576,0.011024503317592018
janitor,2021-2025,female,0.30192303130748754,0.5243871365457855,0.006449116675463358,0.011813749008913571,0.22246410523829796,0.013459412005706117
janitor,2021-2025,gov_employee,0.30570151805143075,0.014521065725870539,0.006471759400075568,0.0028298137144081334,-0.2911804523255602,0.007063392626119465
janitor,2021-2025,hispanic,0.28105610721172913,0.5093705602275037,0.006314580010550412,0.011825748845892225,0.22831445301577458,0.01340605297900035
janitor,2021-2025,parttime,0.1943657460576912,0.23476254474229705,0.005596598049157334,0.010164121754623692,0.040396798684605856,0.011603072040052422
janitor,2021-2025,real_wage_trimmed,20.235477103868902,18.47597984934113,0.12347325904164744,0.17929780980326318,-1.7594972545277727,0.2177001384901096
janitor,2021-2025,union,0.1636227173490642,0.09448350980572959,0.0051966488583330885,0.006919283411586554,-0.06913920754333461,0.008653417954003576
