term,dk,rep,ext
outsourced,-0.202,-0.2261301503689626,-0.0966655073813364
union,0.206,0.1827993536915595,0.1314198760902293
parttime,-0.181,-0.2241980197251504,-0.1929638954171461
educ_cat[T.no_school],,-0.4718901564527792,-0.2597966355985961
educ_cat[T.primary],,-0.3316018828037211,-0.4564883586806397
educ_cat[T.hs_attend],,-0.2304048186654247,-0.3531822996062695
educ_cat[T.hs_complete],,-0.1636734104089263,-0.2185659434826914
educ_cat[T.some_college],,-0.1187149497465278,-0.179385936018743
female,,-0.052391419488243,-0.0830721188939626
black,,-0.0592884996447325,-0.0685389600200013
hispanic,,-0.083982355706473,-0.0369944663958567
age,,0.038373056028469,0.0314087364882682
age2,,-0.0004210160398147,-0.0003266479976236
msa,,0.088841758928081,0.0614688334261539
central_city,,-0.032189953046575,-0.037911128319308
Observations (N),11116.0,18251.0,24143.0
R-squared,0.45,0.419668918197053,0.3889232875927183
Within R-squared,,0.28351965801243006,0.19825284050350145
