term,dk_8300,dk_0125,kq_8300,kq_0125
outsourced,-0.0472131814353666,-0.0307072218569576,-0.0468203527068418,-0.0282392433604047
union,0.2466229843359823,0.1326064270579911,0.2461797873859116,0.129160161090551
parttime,-0.1573954715636505,-0.1642731611591425,-0.1572641471486095,-0.1632211616290154
educ_cat[T.no_school],-0.1838470060092403,-0.3016307417031301,-0.1837641154209918,-0.3011476404152708
educ_cat[T.primary],-0.118746826649186,-0.238312749596683,-0.118734475268249,-0.2378410660466866
educ_cat[T.hs_attend],-0.0509351489626098,-0.197867464204638,-0.0509528204643804,-0.1977894114987423
educ_cat[T.hs_complete],-0.0027756846389695,-0.1096377874709899,-0.0028344542230791,-0.1099537006975956
educ_cat[T.some_college],0.0259259222829081,-0.0726302021477586,0.0258631530184818,-0.073079564649676
female,-0.0717512252269745,-0.0905023082480013,-0.0718050858111186,-0.0910414771844778
black,-0.0994655630821562,-0.0959929526577781,-0.099584863970549,-0.0962542051660508
hispanic,-0.076322439966456,-0.0582717394390917,-0.076209605902289,-0.0577269649651275
age,0.0255828033316972,0.0192274206145708,0.0255707573254891,0.0191778476917988
age2,-0.0002490510361764,-0.0001771557812081,-0.0002489399697527,-0.0001767938229608
msa,0.0716922003968727,0.0486960941872522,0.0717696134383045,0.0490826527098766
central_city,-0.0374911487235163,-0.0295930079824681,-0.0373826462629121,-0.0289667512400463
cc_unknown,-0.0560343514009974,-0.0430515526248709,-0.0560884432771373,-0.0430800627372807
geo_unidentified,0.0283640099665521,0.0136884241918336,0.0284040117748544,0.0137568498784473
gov_employee,,,0.0016461812115627,0.0107740346573041
Observations (N),57297.0,60356.0,57297.0,60356.0
