occ,period,short_bin,term,estimate,se,p,n_obs
janitor,1983-1987,False,outsourced,-0.0788185158733015,0.011462540122155,6.017012443848557e-09,17156
janitor,1983-1987,False,union,0.2648095361285834,0.008493552717973,0.0,17156
janitor,1983-1987,False,union_x_outsourced,0.0239145225857777,0.0217043679095493,0.2753340448965797,17156
janitor,1988-1992,False,outsourced,-0.0790786792433286,0.0096002681735839,2.1756152435159493e-11,17300
janitor,1988-1992,False,union,0.279756494298123,0.0096969151256988,0.0,17300
janitor,1988-1992,False,union_x_outsourced,-0.0381051823534025,0.0242549178830219,0.1215238165813903,17300
janitor,1993-1997,False,outsourced,-0.0711602969798801,0.0098798362623943,1.227835166872637e-09,14602
janitor,1993-1997,False,union,0.2386722009519409,0.0082893050347365,0.0,14602
janitor,1993-1997,False,union_x_outsourced,0.0068600543439315,0.0240636539865151,0.7765815878349573,14602
janitor,1998-2000,True,outsourced,-0.0619051321323247,0.0112262823527256,3.374366507102877e-06,8239
janitor,1998-2000,True,union,0.2094770039067778,0.0106597687763784,0.0,8239
janitor,1998-2000,True,union_x_outsourced,0.0003668072707219,0.0402681674117578,0.9927838048053744,8239
janitor,2001-2005,False,outsourced,-0.0557528729258314,0.0109899295966379,4.173300608645292e-06,14465
janitor,2001-2005,False,union,0.1691314833439229,0.0108675946826246,0.0,14465
janitor,2001-2005,False,union_x_outsourced,-0.0224069719903442,0.0263123260551572,0.3978922038604751,14465
janitor,2006-2010,False,outsourced,-0.0619379238778733,0.0111544285695699,7.045462564470029e-07,13490
janitor,2006-2010,False,union,0.1507649814347583,0.0106515675452126,0.0,13490
janitor,2006-2010,False,union_x_outsourced,-0.0105488493422646,0.0282841413977331,0.7105149126867416,13490
janitor,2011-2015,False,outsourced,-0.0702356318567195,0.0116803408872878,1.229840127514592e-07,13422
janitor,2011-2015,False,union,0.1504132102157318,0.0129091202107646,0.0,13422
janitor,2011-2015,False,union_x_outsourced,0.049228905653851,0.0313250700002736,0.1214028943069347,13422
janitor,2016-2019,True,outsourced,-0.036599151034206,0.0093013970716723,0.0002733633185598,9995
janitor,2016-2019,True,union,0.1200422407924845,0.0125113931454877,1.1968204205459188e-12,9995
janitor,2016-2019,True,union_x_outsourced,-0.0329693093519063,0.0296492617000921,0.2718035502782761,9995
janitor,2021-2025,False,outsourced,-0.0364319224433108,0.0139315527041265,0.0113506821165445,8984
janitor,2021-2025,False,union,0.1040086810053868,0.0144860185333596,1.4612375753841887e-09,8984
janitor,2021-2025,False,union_x_outsourced,-0.0895693812130969,0.030467549100514,0.0047090800231768,8984
guard,1983-1987,False,outsourced,-0.3078007381149024,0.0132387048268621,0.0,5152
guard,1983-1987,False,union,0.2176923794488638,0.0149107720933239,0.0,5152
guard,1983-1987,False,union_x_outsourced,-0.0387353363796823,0.0265536118664111,0.1503188870414056,5152
guard,1988-1992,False,outsourced,-0.2464512569376485,0.0138930867824297,0.0,5463
guard,1988-1992,False,union,0.2402388306373522,0.0198082701746344,0.0,5463
guard,1988-1992,False,union_x_outsourced,-0.1023572651655487,0.0286093452639773,0.0007002423568005,5463
guard,1993-1997,False,outsourced,-0.2289348182697219,0.0165641087328089,0.0,4873
guard,1993-1997,False,union,0.1711860626290109,0.0240523831216759,1.7129904161805596e-09,4873
guard,1993-1997,False,union_x_outsourced,-0.0374304057731731,0.0417669393700237,0.3738023561104879,4873
guard,1998-2000,True,outsourced,-0.1885779627676036,0.0194747234272139,1.9550139285229307e-11,2763
guard,1998-2000,True,union,0.103837712452406,0.0284696359095649,0.0008542773006157,2763
guard,1998-2000,True,union_x_outsourced,-0.020219542278275,0.0480887095454157,0.6767173754310889,2763
guard,2001-2005,False,outsourced,-0.1170582382750435,0.0112152268017338,5.10702591327572e-15,5426
guard,2001-2005,False,union,0.1173479603136486,0.0217220174458299,1.237315876423395e-06,5426
guard,2001-2005,False,union_x_outsourced,0.0708366021051738,0.0363285112698146,0.0559462586815162,5426
guard,2006-2010,False,outsourced,-0.1189342307817678,0.0140058847947956,8.105294213578418e-12,5532
guard,2006-2010,False,union,0.1457741286621331,0.0253053347927536,3.216428505758984e-07,5532
guard,2006-2010,False,union_x_outsourced,0.019831715366454,0.0351769956637283,0.5750477654095207,5532
guard,2011-2015,False,outsourced,-0.1474096886756132,0.0146392876963083,1.9761969838327783e-14,5416
guard,2011-2015,False,union,0.1612830310739249,0.0242340489310163,1.0343813139357394e-08,5416
guard,2011-2015,False,union_x_outsourced,-0.0070863827142188,0.0432455295707925,0.8703983126960955,5416
guard,2016-2019,True,outsourced,-0.0910031544576016,0.0178572724966787,6.073104411585817e-06,4073
guard,2016-2019,True,union,0.1579117825300959,0.0264484648703803,2.982480664659448e-07,4073
guard,2016-2019,True,union_x_outsourced,-0.0428087998382119,0.0354821843331142,0.2336675789746274,4073
guard,2021-2025,False,outsourced,-0.085151401194789,0.0168751927752646,4.7561077061164525e-06,3696
guard,2021-2025,False,union,0.0281083829779828,0.0319952830346186,0.3832885344473979,3696
guard,2021-2025,False,union_x_outsourced,0.0591967638297431,0.0392051320816344,0.1364918671233832,3696
