occ,period,short_bin,u_inhouse,se_u_inhouse,u_outsourced,se_u_outsourced,gap,se_gap,beta_union,se_beta_union,raw_penalty_nounion,se_raw_penalty_nounion,mediated_penalty,se_mediated_penalty,pct_explained,n_obs,union_gap_component,se_union_gap_component
janitor,2001-2005,False,0.2082886491580908,0.004363003766992,0.1071107301617107,0.0068766385870487,0.10117791899638,0.0081439523652631,0.1671005276200375,0.0099686616743682,-0.0612681876541782,0.0094868810812294,0.0169068836477925,0.0016938794214915,0.275948812836143,14465,-0.0169068836477925,0.0016938794214915
janitor,2006-2010,False,0.2051111321414437,0.0044723865305304,0.0960126640025275,0.0065809071536634,0.1090984681389162,0.0079567945960423,0.1510843405644295,0.0098688878236394,-0.0540736516877243,0.0087044963027006,0.0164830701153575,0.0016138149082808,0.3048262804692278,13490,-0.0164830701153575,0.0016138149082808
janitor,2011-2015,False,0.1843681091472505,0.0043745888184824,0.0894623090217759,0.0060730023168522,0.0949058001254746,0.007484543036905,0.1589590368089889,0.0117128116259086,-0.0536395179602054,0.0089370806348545,0.0150861345755318,0.0016282371784221,0.2812503756414085,13422,-0.0150861345755318,0.0016282371784221
janitor,2016-2019,True,0.1685626387411029,0.004918476986035,0.0838705342888598,0.0066245699896673,0.084692104452243,0.0082508389518979,0.1174942946631579,0.0118061926145409,-0.0261633083780382,0.0080792129694511,0.0099508390761547,0.0013926845848166,0.380335656805071,9995,-0.0099508390761547,0.0013926845848166
janitor,2021-2025,False,0.1640311462398945,0.005249264462574,0.0966027853392325,0.0071127595211694,0.067428360900662,0.0088400297173725,0.0892742815286996,0.0130637957268359,-0.0330691162493793,0.0107994879463797,0.0060196184740644,0.0011826872539872,0.1820314286196701,8984,-0.0060196184740644,0.0011826872539872
guard,2001-2005,False,0.1753612424893098,0.0081662367456797,0.0826160480266014,0.0062874418002044,0.0927451944627083,0.0103062770667903,0.1441487975976763,0.0172351926113765,-0.1080940185806669,0.0097882965369414,0.013369108264762,0.0021822605387927,0.123680370480307,5426,-0.013369108264762,0.0021822605387927
guard,2006-2010,False,0.1528672087602991,0.0075290815599501,0.0908655595688516,0.0064550619296834,0.0620016491914474,0.0099174035741433,0.1545365370617354,0.0191350689505592,-0.1133950872198551,0.0125660747679085,0.0095815201581628,0.0019381499561492,0.0844967837062092,5532,-0.0095815201581628,0.0019381499561492
guard,2011-2015,False,0.1774278146267777,0.0081006642709574,0.0849269827173012,0.0063741936571463,0.0925008319094765,0.0103078177326518,0.1602481788022317,0.0203532949649213,-0.1506521447254349,0.0131763247909994,0.0148230898511849,0.0025045997606991,0.0983928232697929,5416,-0.0148230898511849,0.0025045997606991
guard,2016-2019,True,0.1940557053301022,0.0096028585476069,0.1094025104295522,0.0082424883938543,0.08465319490055,0.0126551770911422,0.1435350989334142,0.0206622362588224,-0.1041730384505782,0.0145751806265861,0.01215070470508,0.0025216999044577,0.1166396304245706,4073,-0.01215070470508,0.0025216999044577
guard,2021-2025,False,0.1780542428385118,0.0101671993592086,0.0858430376850147,0.0076568875398705,0.092211205153497,0.0127279169390798,0.0500376275953719,0.0264298335932652,-0.0609758604677486,0.0147268636145422,0.0046140299435911,0.0025189673571652,0.0756697799456487,3696,-0.0046140299435911,0.0025189673571652
