group,measure,2001-2005__in,2001-2005__con,2006-2010__in,2006-2010__con,2011-2015__in,2011-2015__con,2016-2019__in,2016-2019__con,2021-2025__in,2021-2025__con
Employment and wages,Mean hourly wage (2025$),18.563320628385792,16.014477026950665,18.77335577594812,16.49490087319399,18.65846769298235,16.238958683369237,19.29633666160018,17.66899960021243,20.235477103868902,18.47597984934113
Employment and wages,Unionization rate,0.2050742733686963,0.1053132170515075,0.2021116545818475,0.0914490237054556,0.1812110681790108,0.0888349264538002,0.1656374842751541,0.0831209063212478,0.1636227173490642,0.0944835098057295
Employment and wages,Part-time rate,0.2437038396783625,0.3519290647834873,0.2340721158462771,0.3601067254288516,0.2581808708040029,0.3611664555811056,0.2493728691738526,0.3343739846545582,0.2398474943017203,0.3056356416821915
Demographics,Mean age,43.52341488726002,39.1395531780229,44.8436685412521,40.42213624652615,45.58348488117892,42.108094119237926,45.77638971423688,42.58711518354405,46.00016661519608,42.51252500752941
Demographics,Female,0.3012358001282538,0.479589775534012,0.2805539192881556,0.4619540822821347,0.2690423853742511,0.4744632645701618,0.2875488974525182,0.4904798173501408,0.3019230313074875,0.5243871365457855
Demographics,Black,0.1813385216846016,0.166902542951941,0.1814938490734322,0.1511095095910325,0.1682976049352537,0.1746041375227982,0.1787898556775701,0.1639933504498991,0.1676511739646949,0.1452164221815363
Demographics,Hispanic,0.2267793798683898,0.437412154337405,0.2505079771749081,0.4455240029726594,0.2551880104115164,0.4946148413278607,0.2738897336467495,0.4745888348308484,0.2810561072117291,0.5093705602275037
Education,Less than high school,0.3188580671659801,0.4347123236273842,0.2718488810905549,0.38893622695759766,0.2297509115273994,0.36500293414065077,0.2152479069663756,0.330054075926072,0.18420503994448878,0.2902113253471621
Education,High school / GED,0.4617247918152775,0.4074100569547486,0.4808439655665272,0.4093825076301705,0.4773339958065277,0.4250568140323569,0.4852858733494566,0.4405649962961042,0.4847639346261895,0.443734604994382
Education,Some college,0.1808711815246349,0.1270014161081255,0.2034275374530987,0.1487645294011111,0.2370657443679309,0.1637008659332392,0.2332406650584128,0.1697371938943669,0.2479375633069556,0.186056404259904
Education,Bachelor's or higher,0.0385459594941074,0.0308762033097414,0.043879615889819,0.0529167360111204,0.0558493482981417,0.0462393858937529,0.0662255546257548,0.0596437338834565,0.0830934621223659,0.0799976653985517
Sample,Unweighted N,12237.0,2799.0,11196.0,2756.0,10804.0,2980.0,7927.0,2319.0,6872.0,2307.0
