panel,variant,spec,jan_estimate,jan_se,jan_p,jan_n,gd_estimate,gd_se,gd_p,gd_n
2001-2025,Main estimate (part-time under 30 hours),author,-0.0345095650117179,0.004161315225014,4.440892098500626e-15,60356,-0.0966655073813364,0.0060280394806434,0.0,24143
2001-2025,Part-time under 35 hours,author_parttime35,-0.0307072218569576,0.0041540770542779,1.602495913743951e-12,60356,-0.0926640882788996,0.0059496395082197,0.0,24143
2001-2025,Including gov_employee,author_gov,-0.0308074050645427,0.0042853070687606,5.708766792622555e-12,60356,-0.0668685294697087,0.0064202523824862,0.0,24143
2001-2025,Untrimmed wages,author_untrimmed,-0.0352459955155609,0.0046368465185277,4.2232883856740965e-13,60798,-0.0935768792134061,0.006438240271657,0.0,24278
2001-2025,Unweighted,author_unweighted,-0.0392266144483673,0.0035719052155301,0.0,60356,-0.1058442512673372,0.005228913495325,0.0,24143
2001-2025,Complete cases on geography,author_completecase_geo,-0.033825277550546,0.00452640841467,9.601208716958354e-13,49252,-0.0949848490116665,0.0064914332645846,0.0,20513
2001-2025,Hourly-paid workers only,author_hourly_only,-0.0377951633342355,0.0036636288521787,0.0,50380,-0.0688417648751181,0.0057263535603784,0.0,19595
2001-2025,Excluding local government,author_no_localgov,-0.0312190947219799,0.0043382319874423,5.459410701291745e-12,50508,-0.0965888747350597,0.006074012902176,0.0,22754
1983-2000,Main estimate (part-time under 30 hours),author,-0.0539644909265089,0.0042937239627444,0.0,57297,-0.2261301503689626,0.0067151273866619,0.0,18251
1983-2000,Part-time under 35 hours,author_parttime35,-0.0472131814353666,0.004296702865834,0.0,57297,-0.2224042618378363,0.0065826251053634,0.0,18251
1983-2000,Including gov_employee,author_gov,-0.0526989321550814,0.004427017098088,0.0,57297,-0.1945140266406914,0.0069914591743126,0.0,18251
1983-2000,Untrimmed wages,author_untrimmed,-0.0439010132556666,0.0046767039415605,0.0,57796,-0.222448196803958,0.0068240856898107,0.0,18286
1983-2000,Unweighted,author_unweighted,-0.059145893750252,0.0039257538148759,0.0,57297,-0.2271036907470683,0.0058854866127492,0.0,18251
1983-2000,Complete cases on geography,author_completecase_geo,-0.0507285817620236,0.0048526551689219,0.0,47544,-0.2258411490434441,0.0073245286605255,0.0,15368
1983-2000,Hourly-paid workers only,author_hourly_only,-0.0495356724890766,0.0041054289472032,0.0,46638,-0.2022241951023604,0.0064376767877652,0.0,15058
1983-2000,Excluding local government,author_no_localgov,-0.0516824342019521,0.0044199711343958,0.0,46062,-0.2234291733081263,0.0069368541402226,0.0,17163
