occ,YEAR,phase,share,se,n_eff,n
Guards,1983,pre,0.36056812059452986,0.016018119109509697,898.5837765128218,1094
Guards,1984,pre,0.36381469440584413,0.01622228517384646,879.5080250714268,1076
Guards,1985,pre,0.38374819150724865,0.01614147357453385,907.649535348909,1120
Guards,1986,pre,0.3665028740928836,0.015569566619010718,957.7871043576673,1155
Guards,1987,pre,0.3964398921712504,0.015842091428949493,953.3949473960942,1184
Guards,1988,pre,0.38190355557791655,0.01716093349884783,801.5454078871314,1094
Guards,1989,pre,0.38014702531514394,0.017209139636014045,795.6498205944081,1040
Guards,1990,pre,0.3841185966300514,0.016306795653659806,889.6622567480271,1124
Guards,1991,pre,0.4201425101041765,0.016571272048791493,887.1686827335565,1129
Guards,1992,pre,0.40548440257468293,0.016295773592178694,907.7942803125201,1157
Guards,1993,pre,0.4174442602866213,0.016976683513774276,843.7820353149127,1116
Guards,1994,pre,0.47630004844913637,0.01800527927435506,769.419937068741,1039
Guards,1995,pre,0.4644939806652587,0.01763182201658819,800.1106676668838,1028
Guards,1996,pre,0.4785358652011006,0.018804628586320454,705.6826121390977,867
Guards,1997,pre,0.47145251453551595,0.017938550466505186,774.3677790800913,949
Guards,1998,pre,0.45877469999455106,0.01779048351761785,784.5164353689772,950
Guards,1999,pre,0.47869097953789563,0.017871177448935256,781.3473603726529,967
Guards,2000,pre,0.4770967347189625,0.017909969484603886,777.746573189695,949
Guards,2001,pre,0.4527336214649598,0.017104778097486093,846.8502634447522,1101
Guards,2002,pre,0.5058292112579609,0.01627575118718224,943.6238124329852,1240
Guards,2003,pre,0.5077647109712226,0.01742930864559339,822.7633523117942,1114
Guards,2004,pre,0.4703676478984804,0.017591105861114373,805.055209286249,1096
Guards,2005,pre,0.4694821153589765,0.017577996222872556,806.0840880972418,1072
Guards,2006,pre,0.4724254448645553,0.017107747020264446,851.5918237061984,1094
Guards,2007,pre,0.4741714691552491,0.016999866123046613,862.7571421836008,1124
Guards,2008,pre,0.4940675992961761,0.017352266930227705,830.1688385981896,1083
Guards,2009,pre,0.46648101716823986,0.016932460875107386,868.0478989832615,1147
Guards,2010,pre,0.48603969997484286,0.016036243898021798,971.3953323090375,1237
Guards,2011,pre,0.4790153789737369,0.016307061054560663,938.475557399492,1222
Guards,2012,pre,0.46967788944905753,0.016879636095038845,874.2058154144264,1151
Guards,2013,pre,0.4801598315681483,0.017883932131409628,780.4222348695259,1022
Guards,2014,pre,0.46286683339817053,0.017342097605257928,826.6749542440299,1098
Guards,2015,pre,0.490110409857376,0.017335063455114458,831.6090387446417,1077
Guards,2016,pre,0.46313752634064764,0.01737697569003217,823.4261077630811,1072
Guards,2017,pre,0.4621457711683696,0.01768744337474039,794.5357554723004,1036
Guards,2018,pre,0.4886437073734336,0.017544892957983685,811.7353684954389,1057
Guards,2019,pre,0.480671382908139,0.018047962086171078,766.362387197271,990
Guards,2021,post,0.484607541045914,0.019901703434184667,630.5909406454585,826
Guards,2022,post,0.5113839745385231,0.020690309548015123,583.6881072086776,765
Guards,2023,post,0.5342153973806275,0.020863961385606547,571.6207543903985,753
Guards,2024,post,0.507013691708879,0.021066610402248415,563.2033351395676,762
Guards,2025,post,0.5040276569224119,0.022310558335698102,502.2164679937797,690
Janitors,1983,pre,0.11547318062123282,0.0057324152300707665,3108.256506596412,3944
Janitors,1984,pre,0.13915758936644282,0.00633599202835768,2984.0170995433396,3839
Janitors,1985,pre,0.14036026565986906,0.006372286588404016,2971.461198524983,3771
Janitors,1986,pre,0.1339726277556278,0.006211073657148753,3007.560244400141,3811
Janitors,1987,pre,0.14386195872095414,0.006574963163981885,2849.0699734604514,3598
Janitors,1988,pre,0.1735213348292529,0.0074844847784729515,2560.1222733052396,3528
Janitors,1989,pre,0.16981230504610614,0.007372198725063448,2593.8889678081205,3504
Janitors,1990,pre,0.14646657424496068,0.006687763252019261,2795.0995228875518,3696
Janitors,1991,pre,0.17711424616077373,0.0073361428846234296,2708.054971013072,3532
Janitors,1992,pre,0.16841344522824225,0.007355290197909163,2588.7171142771276,3410
Janitors,1993,pre,0.18006930171711014,0.007864392191039436,2387.1873290636277,3254
Janitors,1994,pre,0.20226465805590793,0.00843062086374044,2270.1770017024814,3052
Janitors,1995,pre,0.19047344594252638,0.008202676295264059,2291.682200181591,3029
Janitors,1996,pre,0.1929921581906998,0.008300436205931742,2260.5576411357483,2858
Janitors,1997,pre,0.1863791054248122,0.008122818413587432,2298.2952885223367,2911
Janitors,1998,pre,0.16052419048248368,0.00771419383636438,2264.4752577927397,2890
Janitors,1999,pre,0.19020842150228148,0.008375316262251112,2195.8393648306524,2811
Janitors,2000,pre,0.18130581189648856,0.007992616170590399,2323.5687053902298,2889
Janitors,2001,pre,0.1976630330844293,0.008181077383425123,2369.5247885131985,3148
Janitors,2002,pre,0.2092056830924439,0.008373180087143939,2359.696528838776,3206
Janitors,2003,pre,0.19448063212913255,0.008549200314495319,2143.390780672296,2926
Janitors,2004,pre,0.19675293766180116,0.008631798463008988,2121.132448450381,2923
Janitors,2005,pre,0.19433172556419956,0.008578566009564359,2127.5049272888045,2833
Janitors,2006,pre,0.19267505182221698,0.008546359859995762,2129.666044800061,2845
Janitors,2007,pre,0.20720263196862843,0.009014683119403136,2021.4199008897924,2735
Janitors,2008,pre,0.19897512913222432,0.008755646714744502,2079.0662880338905,2742
Janitors,2009,pre,0.19039389993222394,0.008512593563104954,2127.1739452911816,2820
Janitors,2010,pre,0.2287580172511717,0.009066536355419066,2146.269092085381,2810
Janitors,2011,pre,0.21609568294781853,0.00900444243117167,2089.274460285214,2794
Janitors,2012,pre,0.21543797248162738,0.009072035275756306,2053.714537397197,2736
Janitors,2013,pre,0.23700749652717762,0.00929438674391757,2093.345313310664,2757
Janitors,2014,pre,0.23324911999215822,0.009236700040086414,2096.2381306201432,2827
Janitors,2015,pre,0.23694642804510066,0.009515055303193133,1997.0206797589076,2670
Janitors,2016,pre,0.2317449560529297,0.009359897011797933,2032.233332849252,2714
Janitors,2017,pre,0.25026331625385667,0.0097754738397903,1963.4973539897346,2587
Janitors,2018,pre,0.2552681790073424,0.009876851422419466,1948.7653527666612,2559
Janitors,2019,pre,0.2573196021669786,0.010329172823470456,1791.1986152217462,2386
Janitors,2021,post,0.27833342716769516,0.011627975504499143,1485.5721197408063,1991
Janitors,2022,post,0.2797200489345511,0.011990293047441713,1401.4103700434248,1843
Janitors,2023,post,0.27171572749575207,0.012144285513770291,1341.750514267274,1790
Janitors,2024,post,0.2786899637111432,0.011918416802377355,1415.1620236796296,1886
Janitors,2025,post,0.2698460933209227,0.01261580782703819,1237.9423443996561,1669
