occ,period,share,se,t,n
Janitors,1983-1985,0.13157878224602557,0.003550999093221361,37.05401741645087,11554
Janitors,1986-1988,0.15052357091301274,0.003907548004750413,38.52123396309424,10937
Janitors,1989-1991,0.16428501179758345,0.0041192647388704345,39.88212028407597,10732
Janitors,1992-1994,0.18323667333757113,0.004546874740884782,40.299476845037276,9716
Janitors,1995-1997,0.18992984003311014,0.0047430741737077824,40.043615823245105,8798
Janitors,1998-2000,0.17722566108599302,0.004636238146526238,38.22617723353613,8590
Janitors,Change,0.04564687883996746,0.005839888587238971,7.816395494207323,NA
Guards,1983-1985,0.3695548169772511,0.009314432532063835,39.67550526616649,3290
Guards,1986-1988,0.3819689848757519,0.009381253011031753,40.7162011755339,3433
Guards,1989-1991,0.3951636566360454,0.009648092699315531,40.95769692014668,3293
Guards,1992-1994,0.432633943791353,0.009881069275916633,43.784122113769826,3312
Guards,1995-1997,0.4713880177128397,0.010459718715919848,45.06698798652971,2844
Guards,1998-2000,0.47154072119283647,0.010311871826897528,45.72794630387742,2866
Guards,Change,0.10198590421558534,0.013895803466109186,7.33933122070424,NA
