spec,occ,sample,term,estimate,se,t,p,n_obs,r2,within_r2
baseline,Janitors,1983-2000,outsourced,-0.046068937343387566,0.009661630681769588,-4.7682362181691005,1.6463000062105457e-5,40540,0.40340990543513344,0.2796655808117008
baseline,Janitors,1983-2000,union,0.26985668995182216,0.01157438678887574,23.314988074459734,1.6059662028956055e-28,40540,0.40340990543513344,0.2796655808117008
baseline,Janitors,1983-2000,part_time,-0.16351663435879482,0.008616391350950985,-18.977391775589165,1.6914988520740288e-24,40540,0.40340990543513344,0.2796655808117008
baseline,Janitors,1983-2000,female,-0.08530134196506808,0.005263308889317939,-16.206790017243716,1.5275213196366493e-21,40540,0.40340990543513344,0.2796655808117008
baseline,Janitors,1983-2000,hispanic,-0.08050616110877465,0.014333957338497972,-5.616464400417334,8.580096711829303e-7,40540,0.40340990543513344,0.2796655808117008
baseline,Janitors,1983-2000,black,-0.09720229069704807,0.007390137002364916,-13.152975467970673,7.406648008443411e-18,40540,0.40340990543513344,0.2796655808117008
baseline,Janitors,1983-2000,educ_catlt_hs,-0.0615841289693293,0.012888371821601912,-4.778270663025838,1.5909511050798034e-5,40540,0.40340990543513344,0.2796655808117008
baseline,Janitors,1983-2000,educ_caths_completion,0.0030211284204716415,0.011892928171325281,0.25402729899233756,0.80051623224233,40540,0.40340990543513344,0.2796655808117008
baseline,Janitors,1983-2000,educ_catsome_college,0.027690670479683765,0.01294519753340339,2.139068979691628,0.037337125523048735,40540,0.40340990543513344,0.2796655808117008
baseline,Janitors,1983-2000,AGE,0.02545388290627204,0.001013897472067306,25.104987049994662,5.2914159789397225e-30,40540,0.40340990543513344,0.2796655808117008
baseline,Janitors,1983-2000,I(I(AGE^2)),-2.5453884155815856e-4,1.1485310431805939e-5,-22.162121178133027,1.627812768953827e-27,40540,0.40340990543513344,0.2796655808117008
baseline,Janitors,1983-2000,MSA_dummy,0.061742411396094946,0.008597363133846014,7.18155211486043,3.1210948448046146e-9,40540,0.40340990543513344,0.2796655808117008
baseline,Janitors,1983-2000,gov_employee,0.012534754419641136,0.011238631327538566,1.1153274855565922,0.270042130624731,40540,0.40340990543513344,0.2796655808117008
baseline,Guards,1983-2000,outsourced,-0.18707559387967063,0.009815729338639985,-19.058756351730338,1.4009969419965143e-24,13157,0.4070105960386369,0.267726276845792
baseline,Guards,1983-2000,union,0.17287941219879047,0.01748767421784429,9.88578641420399,2.3629315312375216e-13,13157,0.4070105960386369,0.267726276845792
baseline,Guards,1983-2000,part_time,-0.2002050808381387,0.010945929990618233,-18.290367379449226,8.512799807340618e-24,13157,0.4070105960386369,0.267726276845792
baseline,Guards,1983-2000,female,-0.04513277764568651,0.011428038131304127,-3.9493023323099568,2.458775392542899e-4,13157,0.4070105960386369,0.267726276845792
baseline,Guards,1983-2000,hispanic,-0.08147667404405012,0.01641369050444739,-4.963946043820767,8.417819385703035e-6,13157,0.4070105960386369,0.267726276845792
baseline,Guards,1983-2000,black,-0.060926467165829126,0.008723280245611215,-6.9843528409490165,6.348914268851268e-9,13157,0.4070105960386369,0.267726276845792
baseline,Guards,1983-2000,educ_catlt_hs,-0.15833504651503524,0.01336198040760737,-11.849669112288955,3.937690618192503e-16,13157,0.4070105960386369,0.267726276845792
baseline,Guards,1983-2000,educ_caths_completion,-0.07360895955858276,0.011621269019262068,-6.33398636900816,6.606040461810974e-8,13157,0.4070105960386369,0.267726276845792
baseline,Guards,1983-2000,educ_catsome_college,-0.04680890774468249,0.017960153608246356,-2.606264331903615,0.01202981661554867,13157,0.4070105960386369,0.267726276845792
baseline,Guards,1983-2000,AGE,0.031857287154248834,0.001518000203754612,20.98635235716914,1.9168222233632607e-26,13157,0.4070105960386369,0.267726276845792
baseline,Guards,1983-2000,I(I(AGE^2)),-3.5134423863148275e-4,1.5688095386723076e-5,-22.395595511793445,1.01034030906145e-27,13157,0.4070105960386369,0.267726276845792
baseline,Guards,1983-2000,MSA_dummy,0.08300507856151286,0.01167148073240291,7.111786453202145,4.012116054495624e-9,13157,0.4070105960386369,0.267726276845792
baseline,Guards,1983-2000,gov_employee,0.11349453095776146,0.013896611368279693,8.167065189490962,9.185163248053044e-11,13157,0.4070105960386369,0.267726276845792
baseline,Janitors,2001-2025,outsourced,-0.0353372178307617,0.004739935648520513,-7.455210460882857,1.1670300810730443e-9,46968,0.4159897097058042,0.20929697624315424
baseline,Janitors,2001-2025,union,0.14124659812799428,0.007228811215914852,19.53939505530698,4.660231967702172e-25,46968,0.4159897097058042,0.20929697624315424
baseline,Janitors,2001-2025,part_time,-0.18691805290031455,0.007347746458056312,-25.438827260482213,2.865142938197164e-30,46968,0.4159897097058042,0.20929697624315424
baseline,Janitors,2001-2025,female,-0.08766869196464253,0.007466306746953978,-11.741908675317772,5.52294937970651e-16,46968,0.4159897097058042,0.20929697624315424
baseline,Janitors,2001-2025,hispanic,-0.0487558026036827,0.006546503369855801,-7.447609792455761,1.199312315342343e-9,46968,0.4159897097058042,0.20929697624315424
baseline,Janitors,2001-2025,black,-0.086713345128999,0.006615906440793415,-13.106797368585502,8.494727129849271e-18,46968,0.4159897097058042,0.20929697624315424
baseline,Janitors,2001-2025,educ_catlt_hs,-0.17003852564215483,0.009009204142124626,-18.873867542539102,2.151695960142383e-24,46968,0.4159897097058042,0.20929697624315424
baseline,Janitors,2001-2025,educ_caths_completion,-0.08042221092632224,0.007156422170437183,-11.237767841386203,2.7427266214540467e-15,46968,0.4159897097058042,0.20929697624315424
baseline,Janitors,2001-2025,educ_catsome_college,-0.04484938403619815,0.007248307338085335,-6.187566550957712,1.1177607431479523e-7,46968,0.4159897097058042,0.20929697624315424
baseline,Janitors,2001-2025,AGE,0.018381111072485107,7.283167706209572e-4,25.237797362284425,4.142085033050493e-30,46968,0.4159897097058042,0.20929697624315424
baseline,Janitors,2001-2025,I(I(AGE^2)),-1.7317415867557475e-4,8.0087694718865e-6,-21.62306697470502,4.9745254942735534e-27,46968,0.4159897097058042,0.20929697624315424
baseline,Janitors,2001-2025,MSA_dummy,0.025747400738350797,0.006713416009114404,3.835216036574389,3.525516398152569e-4,46968,0.4159897097058042,0.20929697624315424
baseline,Janitors,2001-2025,gov_employee,0.02333118106064269,0.00804023106008372,2.90180479718698,0.005504526365374417,46968,0.4159897097058042,0.20929697624315424
baseline,Guards,2001-2025,outsourced,-0.05187780293374676,0.007821424690422098,-6.632781748480541,2.253556490021258e-8,18263,0.358988870397723,0.159189062607206
baseline,Guards,2001-2025,union,0.13738804485007014,0.017501914341106234,7.849886713671707,2.84041457536613e-10,18263,0.358988870397723,0.159189062607206
baseline,Guards,2001-2025,part_time,-0.16989116032591803,0.008353735690766634,-20.33714814722931,7.847566754563042e-26,18263,0.358988870397723,0.159189062607206
baseline,Guards,2001-2025,female,-0.07072016508841783,0.006766201048046105,-10.451975131427686,3.5567984326291447e-14,18263,0.358988870397723,0.159189062607206
baseline,Guards,2001-2025,hispanic,-0.030645978147185296,0.012126569908410163,-2.527176141204722,0.014706897663632687,18263,0.358988870397723,0.159189062607206
baseline,Guards,2001-2025,black,-0.0557467491147094,0.007484568971279495,-7.448224383879174,1.1966690055540526e-9,18263,0.358988870397723,0.159189062607206
baseline,Guards,2001-2025,educ_catlt_hs,-0.24758310540498316,0.011998274905443557,-20.63489187871966,4.0934086080464596e-26,18263,0.358988870397723,0.159189062607206
baseline,Guards,2001-2025,educ_caths_completion,-0.12515038694168187,0.012875557561309061,-9.719997471624662,4.143644685128331e-13,18263,0.358988870397723,0.159189062607206
baseline,Guards,2001-2025,educ_catsome_college,-0.09298843207608012,0.012284146575370325,-7.569791804871625,7.736913961463877e-10,18263,0.358988870397723,0.159189062607206
baseline,Guards,2001-2025,AGE,0.024443287065823605,0.0010084822009027126,24.23769804161534,2.692384912962699e-29,18263,0.358988870397723,0.159189062607206
baseline,Guards,2001-2025,I(I(AGE^2)),-2.55496667011517e-4,1.1665722956960347e-5,-21.90148591340197,2.785864343122446e-27,18263,0.358988870397723,0.159189062607206
baseline,Guards,2001-2025,MSA_dummy,0.034688090696517654,0.013247492297790979,2.6184646812213583,0.011658930338434579,18263,0.358988870397723,0.159189062607206
baseline,Guards,2001-2025,gov_employee,0.07020543802503697,0.008723550912886662,8.047805157109545,1.4031063256731358e-10,18263,0.358988870397723,0.159189062607206
baseline_nounion,Janitors,1983-2000,outsourced,-0.04571777956875535,0.012645764913920098,-3.6152640729886194,6.967350213775747e-4,41398,0.3522583339225447,0.213875606582407
baseline_nounion,Janitors,1983-2000,part_time,-0.20892166460069456,0.011444582557740359,-18.2550707766439,9.261026436920856e-24,41398,0.3522583339225447,0.213875606582407
baseline_nounion,Janitors,1983-2000,female,-0.09525909858011922,0.0057313963837862525,-16.620574150062453,5.255490381701441e-22,41398,0.3522583339225447,0.213875606582407
baseline_nounion,Janitors,1983-2000,hispanic,-0.08458330577732392,0.0164622844246831,-5.13800537005071,4.607326321074879e-6,41398,0.3522583339225447,0.213875606582407
baseline_nounion,Janitors,1983-2000,black,-0.0851230089577153,0.008755614555846978,-9.722105560353883,4.1140746193422084e-13,41398,0.3522583339225447,0.213875606582407
baseline_nounion,Janitors,1983-2000,educ_catlt_hs,-0.05946643504881488,0.014507844891332163,-4.098915827556415,1.522471099149278e-4,41398,0.3522583339225447,0.213875606582407
baseline_nounion,Janitors,1983-2000,educ_caths_completion,0.009543227105841212,0.012562889372893571,0.7596363243022931,0.45103884681261286,41398,0.3522583339225447,0.213875606582407
baseline_nounion,Janitors,1983-2000,educ_catsome_college,0.03634278997776569,0.01308406935185315,2.777636605282768,0.007689473921154389,41398,0.3522583339225447,0.213875606582407
baseline_nounion,Janitors,1983-2000,AGE,0.029876861653687053,0.0012339554235440149,24.212269814316638,2.8260198522418474e-29,41398,0.3522583339225447,0.213875606582407
baseline_nounion,Janitors,1983-2000,I(I(AGE^2)),-2.98864535747083e-4,1.2727353852786621e-5,-23.482063844846067,1.1572040759814651e-28,41398,0.3522583339225447,0.213875606582407
baseline_nounion,Janitors,1983-2000,MSA_dummy,0.0715789440932111,0.010285168764134997,6.959433115265078,6.9452802124473124e-9,41398,0.3522583339225447,0.213875606582407
baseline_nounion,Janitors,1983-2000,gov_employee,0.06864868894574722,0.01542731881390898,4.449813332687132,4.814436716548242e-5,41398,0.3522583339225447,0.213875606582407
baseline_nounion,Guards,1983-2000,outsourced,-0.19551922591324258,0.009871491023294583,-19.806453295845532,2.550996328745806e-25,13394,0.39587984227043793,0.24701937048612266
baseline_nounion,Guards,1983-2000,part_time,-0.21729297237355755,0.011371652747616399,-19.108301774260923,1.2494995321428458e-24,13394,0.39587984227043793,0.24701937048612266
baseline_nounion,Guards,1983-2000,female,-0.04650843236463919,0.011159096320801237,-4.167759738568134,1.218157638115111e-4,13394,0.39587984227043793,0.24701937048612266
baseline_nounion,Guards,1983-2000,hispanic,-0.0744021997838203,0.01675478909027328,-4.440652722212617,4.963531839240939e-5,13394,0.39587984227043793,0.24701937048612266
baseline_nounion,Guards,1983-2000,black,-0.0521710171386882,0.007978964175855517,-6.5385701688646,3.164007743605318e-8,13394,0.39587984227043793,0.24701937048612266
baseline_nounion,Guards,1983-2000,educ_catlt_hs,-0.15277373263972144,0.013617576094721967,-11.21886388422202,2.9144500892587995e-15,13394,0.39587984227043793,0.24701937048612266
baseline_nounion,Guards,1983-2000,educ_caths_completion,-0.06814560372400835,0.012620836372451618,-5.399452279783496,1.8460848355153773e-6,13394,0.39587984227043793,0.24701937048612266
baseline_nounion,Guards,1983-2000,educ_catsome_college,-0.04101644446498805,0.019194701419903298,-2.136862854373834,0.03752532837122187,13394,0.39587984227043793,0.24701937048612266
baseline_nounion,Guards,1983-2000,AGE,0.03431777380692672,0.001711931498227759,20.046230729707045,1.4930543747654569e-25,13394,0.39587984227043793,0.24701937048612266
baseline_nounion,Guards,1983-2000,I(I(AGE^2)),-3.7824460903554543e-4,1.783621304602681e-5,-21.20655365909094,1.1977861627073068e-26,13394,0.39587984227043793,0.24701937048612266
baseline_nounion,Guards,1983-2000,MSA_dummy,0.08426013281064308,0.012284246652379106,6.859202293396177,9.966409546349065e-9,13394,0.39587984227043793,0.24701937048612266
baseline_nounion,Guards,1983-2000,gov_employee,0.15234128803013053,0.014690216397908585,10.370254862400735,4.6635632673688533e-14,13394,0.39587984227043793,0.24701937048612266
baseline_nounion,Janitors,2001-2025,outsourced,-0.035939627395629656,0.005349934205323624,-6.717769979276899,1.659138211308386e-8,46968,0.40283966398778237,0.1914928705885386
baseline_nounion,Janitors,2001-2025,part_time,-0.2014047039682521,0.007779122023584131,-25.890415828116485,1.2632634465088802e-30,46968,0.40283966398778237,0.1914928705885386
baseline_nounion,Janitors,2001-2025,female,-0.09001230778744729,0.007572283037666876,-11.8870765051568,3.502590793578759e-16,46968,0.40283966398778237,0.1914928705885386
baseline_nounion,Janitors,2001-2025,hispanic,-0.05051785489766489,0.007285182152428304,-6.934329690140449,7.602744438911923e-9,46968,0.40283966398778237,0.1914928705885386
baseline_nounion,Janitors,2001-2025,black,-0.08292433068329721,0.006444443381984859,-12.867570675709297,1.7354794410225315e-17,46968,0.40283966398778237,0.1914928705885386
baseline_nounion,Janitors,2001-2025,educ_catlt_hs,-0.1723606532518422,0.009307532551151878,-18.518404561530247,4.95408095255957e-24,46968,0.40283966398778237,0.1914928705885386
baseline_nounion,Janitors,2001-2025,educ_caths_completion,-0.07909471100228449,0.007873353862059299,-10.045872748515972,1.3779491746059107e-13,46968,0.40283966398778237,0.1914928705885386
baseline_nounion,Janitors,2001-2025,educ_catsome_college,-0.04046570520706577,0.008357493327010523,-4.841847145277992,1.2803825442733106e-5,46968,0.40283966398778237,0.1914928705885386
baseline_nounion,Janitors,2001-2025,AGE,0.019473029985566798,8.49399482471853e-4,22.92564380766748,3.4732544588095756e-28,46968,0.40283966398778237,0.1914928705885386
baseline_nounion,Janitors,2001-2025,I(I(AGE^2)),-1.832699871917654e-4,9.090507131475744e-6,-20.16059000242086,1.1584825408058657e-25,46968,0.40283966398778237,0.1914928705885386
baseline_nounion,Janitors,2001-2025,MSA_dummy,0.03180927472876988,0.006699059186336825,4.748319703406563,1.7618120438272558e-5,46968,0.40283966398778237,0.1914928705885386
baseline_nounion,Janitors,2001-2025,gov_employee,0.05632638778066476,0.011566754795230722,4.869679419839488,1.1639515530688226e-5,46968,0.40283966398778237,0.1914928705885386
baseline_nounion,Guards,2001-2025,outsourced,-0.054685368440652145,0.007899184425109696,-6.922913239855484,7.922005348444701e-9,18263,0.3487085526619429,0.14570442374067005
baseline_nounion,Guards,2001-2025,part_time,-0.1794346980366188,0.007982522793817315,-22.478444806395785,8.538682519995155e-28,18263,0.3487085526619429,0.14570442374067005
baseline_nounion,Guards,2001-2025,female,-0.07234864612156226,0.006881571211842584,-10.513390604322534,2.903153103745499e-14,18263,0.3487085526619429,0.14570442374067005
baseline_nounion,Guards,2001-2025,hispanic,-0.029397010221014538,0.011333461133093492,-2.5938245938988422,0.012419043177176185,18263,0.3487085526619429,0.14570442374067005
baseline_nounion,Guards,2001-2025,black,-0.054270147956139166,0.007141313709488807,-7.599462810887208,6.956383351607825e-10,18263,0.3487085526619429,0.14570442374067005
baseline_nounion,Guards,2001-2025,educ_catlt_hs,-0.254175440605057,0.012763552580639648,-19.914160967268796,2.0041965866568289e-25,18263,0.3487085526619429,0.14570442374067005
baseline_nounion,Guards,2001-2025,educ_caths_completion,-0.12728090760469507,0.013637929092202192,-9.3328618109234,1.5568556996793821e-12,18263,0.3487085526619429,0.14570442374067005
baseline_nounion,Guards,2001-2025,educ_catsome_college,-0.09374448543700531,0.012098649188878801,-7.748343139263528,4.0825924399772675e-10,18263,0.3487085526619429,0.14570442374067005
baseline_nounion,Guards,2001-2025,AGE,0.02571181072995131,0.0010045154207482187,25.596232968528973,2.1506362597424015e-30,18263,0.3487085526619429,0.14570442374067005
baseline_nounion,Guards,2001-2025,I(I(AGE^2)),-2.674485935171085e-4,1.1761976088442914e-5,-22.738406497858655,5.052723594441815e-28,18263,0.3487085526619429,0.14570442374067005
baseline_nounion,Guards,2001-2025,MSA_dummy,0.038153434124867824,0.013105929417107783,2.9111582178265327,0.005365874244492807,18263,0.3487085526619429,0.14570442374067005
baseline_nounion,Guards,2001-2025,gov_employee,0.10069261293909396,0.009475808782301818,10.626281645442216,2.0012144251839865e-14,18263,0.3487085526619429,0.14570442374067005
