occ,period,variable,in_house_mean,in_house_se,outsourced_mean,outsourced_se,diff,diff_se,stars,n_inhouse,n_outsourced
Janitors,2001-2005,real_wage,17.7431799981144,0.09434924304599031,15.481943905274745,0.14368837933665138,-2.2612360928396544,0.17189569517514036,***,9920,2305
Janitors,2001-2005,union,0.1994693515212058,0.004687786777916389,0.11327556286157185,0.007631639118554457,-0.08619378865963394,0.008956408907093196,***,9920,2305
Janitors,2001-2005,part_time,0.18999084059390953,0.004738251011397393,0.2745352142472888,0.011173040919894506,0.08454437365337925,0.012136221242406776,***,9920,2305
Janitors,2001-2005,AGE,42.935465653599266,0.17048056095543707,39.07067708242021,0.32771951983031017,-3.864788571179055,0.3694099421259389,***,9920,2305
Janitors,2001-2005,female,0.29995825723071307,0.00537567691949707,0.4846059444236406,0.012034261478681623,0.1846476871929275,0.013180339588951945,***,9920,2305
Janitors,2001-2005,black,0.17919390685628564,0.004499734671288134,0.16809144533421444,0.009007214462018477,-0.0111024615220712,0.010068640646918894,,9920,2305
Janitors,2001-2005,hispanic,0.22739552564481924,0.004931107466063095,0.43670140686527387,0.01198198965914301,0.20930588122045463,0.012957001853579909,***,9920,2305
Janitors,2001-2005,lt_hs,0.329063948945855,0.0055121559576972465,0.43767390976879006,0.011946063492307223,0.10860996082293506,0.013156454547643628,***,9920,2305
Janitors,2001-2005,hs_completion,0.45971671846288886,0.005846509955397731,0.41299468799478095,0.01185628474448079,-0.04672203046810791,0.01321942383770082,***,9920,2305
Janitors,2001-2005,some_college,0.1774728808443794,0.0044821036187865015,0.11842591847347307,0.007780511695826135,-0.05904696237090633,0.008979176749481343,***,9920,2305
Janitors,2001-2005,college_plus,0.03374645174688466,0.002118363032035227,0.030905483762955162,0.004167313888418441,-0.0028409679839295,0.004674822668305045,,9920,2305
Janitors,2006-2010,real_wage,17.89727726427182,0.09734547043752291,15.491252120545028,0.15038843370161628,-2.4060251437267937,0.17914469460725896,***,9137,2271
Janitors,2006-2010,union,0.1962496098669678,0.004812047326366203,0.09755951154304979,0.007159746268303631,-0.09869009832391801,0.008626573253481123,***,9137,2271
Janitors,2006-2010,part_time,0.18053010222453333,0.004789471673855445,0.27362597392541654,0.011197555618603881,0.09309587170088321,0.012178846035088505,***,9137,2271
Janitors,2006-2010,AGE,44.21754150679842,0.18005924061410386,40.213241177657906,0.34130115330072003,-4.004300329140513,0.3858857439384478,***,9137,2271
Janitors,2006-2010,female,0.2816980664055332,0.005450173669951877,0.4705153603478237,0.012043899503034852,0.18881729394229052,0.01321967882634975,***,9137,2271
Janitors,2006-2010,black,0.17838778460543314,0.004638535560177136,0.15162619936540034,0.008654346630164178,-0.026761585240032804,0.009819049227805198,***,9137,2271
Janitors,2006-2010,hispanic,0.247232024306006,0.0052269436783621784,0.4595246424410391,0.012025299145691764,0.21229261813503308,0.01311216075862958,***,9137,2271
Janitors,2006-2010,lt_hs,0.2806328736040486,0.0054438914392101094,0.39209961309667835,0.0117806147516007,0.11146673949262975,0.012977628362976694,***,9137,2271
Janitors,2006-2010,hs_completion,0.4796527311257704,0.00605306017157266,0.4163077409114076,0.011894679573476421,-0.0633449902143628,0.013346270625023174,***,9137,2271
Janitors,2006-2010,some_college,0.2001642516281161,0.004847954716903391,0.14311660763826514,0.008450052684765163,-0.05704764398985096,0.009741973892002214,***,9137,2271
Janitors,2006-2010,college_plus,0.03955014364206451,0.0023614364966866998,0.04847603835364795,0.0051823526432222804,0.008925894711583442,0.005695011961936244,,9137,2271
Janitors,2011-2015,real_wage,17.592856458981615,0.09258926350040209,15.377751724878799,0.14175827931162066,-2.215104734102816,0.16931680799299975,***,8983,2524
Janitors,2011-2015,union,0.17378921156002522,0.004649584668516083,0.09357144692698094,0.006658271286125166,-0.08021776463304428,0.00812103528556173,***,8983,2524
Janitors,2011-2015,part_time,0.1991498743431925,0.005024194917489315,0.2809474752875894,0.010629403133842284,0.08179760094439689,0.011756987094943229,***,8983,2524
Janitors,2011-2015,AGE,44.832208044808695,0.1858397699370354,41.82200715382796,0.3202515046167588,-3.010200890980734,0.370266723186878,***,8983,2524
Janitors,2011-2015,female,0.2669313649498722,0.005427870106329673,0.47441819188956447,0.011416260079394365,0.20748682693969228,0.012640916426096674,***,8983,2524
Janitors,2011-2015,black,0.16553445065175462,0.004560429277215356,0.17693930093438132,0.008724712215943228,0.011404850282626694,0.009844700017954431,,8983,2524
Janitors,2011-2015,hispanic,0.2590586256534075,0.005375864023750513,0.4898754237664397,0.011428887936842831,0.23081679811303224,0.012630098711996144,***,8983,2524
Janitors,2011-2015,lt_hs,0.2373795918731165,0.005220753932236604,0.3617507964445268,0.010985578038092482,0.1243712045714103,0.01216302579344399,***,8983,2524
Janitors,2011-2015,hs_completion,0.47722663824882455,0.0061288132315807315,0.4281384976086672,0.011312552184328974,-0.049088140640157374,0.012866086761356978,***,8983,2524
Janitors,2011-2015,some_college,0.23599747024762638,0.00521024799856315,0.1658545656519527,0.008503694097230672,-0.07014290459567368,0.009972938258397427,***,8983,2524
Janitors,2011-2015,college_plus,0.04939629963043347,0.002658913945057485,0.044256140294853016,0.004701977543592166,-0.005140159335580451,0.005401704933413725,,8983,2524
Janitors,2016-2019,real_wage,18.429042812086475,0.11301449737484995,16.80842077938826,0.19280039533290189,-1.6206220326982148,0.22348214482909642,***,6547,1898
Janitors,2016-2019,union,0.1635241557526151,0.005285325809432615,0.0934051740692211,0.007602927220685641,-0.07011898168339402,0.009259544871909052,***,6547,1898
Janitors,2016-2019,part_time,0.19818149659325868,0.005808819916034597,0.25845204495124413,0.011775136241445607,0.060270548357985454,0.013129974193482863,***,6547,1898
Janitors,2016-2019,AGE,45.0693493008915,0.21907187170731465,42.257647719562776,0.38496138394656215,-2.8117015813287267,0.4429308660540588,***,6547,1898
Janitors,2016-2019,female,0.29218295171481506,0.006498932852736134,0.5000808603225041,0.013063475849505617,0.20789790860768903,0.014590768639622435,***,6547,1898
Janitors,2016-2019,black,0.17718432007752044,0.005456548593699623,0.173627475662482,0.009896597513035526,-0.0035568444150384515,0.011301175376500725,,6547,1898
Janitors,2016-2019,hispanic,0.2773229200228807,0.006397630112334002,0.46784660331319633,0.013036436925155544,0.1905236832903156,0.014521651378469383,***,6547,1898
Janitors,2016-2019,lt_hs,0.22267382235872007,0.005945526692698868,0.33658489840710604,0.012346070084956933,0.11391107604838596,0.013703092139961083,***,6547,1898
Janitors,2016-2019,hs_completion,0.48239168314130654,0.007140927653471613,0.4352445019474367,0.01295345523955656,-0.04714718119386985,0.014791377569222918,***,6547,1898
Janitors,2016-2019,some_college,0.23389044354415722,0.006049309196420957,0.1730280817497416,0.009883082615372985,-0.06086236179441562,0.011587470118027958,***,6547,1898
Janitors,2016-2019,college_plus,0.061044050955819266,0.0034213569499182755,0.055142517895715365,0.005963691888367993,-0.0059015330601039015,0.0068754130289125385,,6547,1898
Janitors,2021-2025,real_wage,19.44537302638814,0.12483267812620426,17.890261655099213,0.17165132221017668,-1.5551113712889268,0.21224366644181022,***,4892,1602
Janitors,2021-2025,union,0.15262133041060277,0.0059825763572521964,0.09788034681702229,0.008492487177811077,-0.05474098359358048,0.010388145086377958,***,4892,1602
Janitors,2021-2025,part_time,0.20219738193245634,0.006800866255402944,0.24120106439755776,0.012631147353818237,0.039003682465101414,0.014345649699394862,***,4892,1602
Janitors,2021-2025,AGE,45.154460993418525,0.2691494105387361,41.84087338794063,0.4371013711680964,-3.313587605477892,0.5133215501714097,***,4892,1602
Janitors,2021-2025,female,0.3111566258569106,0.007701789389847037,0.5408873799559722,0.01424190608566219,0.22973075409906163,0.016191029885661446,***,4892,1602
Janitors,2021-2025,black,0.1736317289642553,0.006301489701463874,0.14787626291927825,0.010145083898956134,-0.025755466044977054,0.011942843035664258,**,4892,1602
Janitors,2021-2025,hispanic,0.27746457127312635,0.007448609577248621,0.5101170380223372,0.014286839311772947,0.23265246674921086,0.01611196953059125,***,4892,1602
Janitors,2021-2025,lt_hs,0.19580405258612335,0.00660136349500986,0.3131463936039119,0.013254424529663316,0.11734234101778854,0.014807355253582235,***,4892,1602
Janitors,2021-2025,hs_completion,0.4776523849510292,0.0083095528118178209,0.4367317981955419,0.014174903213086763,-0.040920586755487265,0.01643096311945124,**,4892,1602
Janitors,2021-2025,some_college,0.2468745461301774,0.007173212378795049,0.18455580325858473,0.011087051224472004,-0.06231874287159267,0.013205214147652612,***,4892,1602
Janitors,2021-2025,college_plus,0.07966901633266886,0.004504624743912,0.06556600494196212,0.007074060242297151,-0.014103011390706743,0.008386535184157608,*,4892,1602
Guards,2001-2005,real_wage,20.15740092945367,0.22216522819071396,18.156328890682513,0.18708751969290063,-2.001072038771156,0.29044642990037506,***,2332,2253
Guards,2001-2005,union,0.16392350814909748,0.008918671671770089,0.07821675157411108,0.006480429862574927,-0.0857067565749864,0.01102445806344181,***,2332,2253
Guards,2001-2005,part_time,0.15008467364502637,0.008833646926274757,0.10735408923134053,0.007716488645226671,-0.04273058441368584,0.011729344185844136,***,2332,2253
Guards,2001-2005,AGE,41.02375227014422,0.37554413189497154,41.1697149516057,0.37259316197295617,0.1459626814614765,0.5290170690533088,,2332,2253
Guards,2001-2005,female,0.24923914383349277,0.010421146132983615,0.23829022140730463,0.010282231963257787,-0.01094892242618814,0.01463982858066444,,2332,2253
Guards,2001-2005,black,0.2514236070994607,0.010458097180404583,0.32009573133703556,0.011262371501502999,0.06867212423757485,0.015369216260846004,***,2332,2253
Guards,2001-2005,hispanic,0.13368954486454862,0.008223485163350435,0.12322323337155511,0.007945754193509857,-0.010466311492993513,0.011435065279023299,,2332,2253
Guards,2001-2005,lt_hs,0.10236293599432636,0.0073026133267089476,0.12727470774974614,0.008043579464710338,0.02491177175541978,0.010864038475840233,**,2332,2253
Guards,2001-2005,hs_completion,0.40569121056880814,0.01182933759119271,0.44831966355603275,0.012002650699181992,0.04262845298722462,0.01685220613608138,**,2332,2253
Guards,2001-2005,some_college,0.3700643068790349,0.011631701753734121,0.32936801089225076,0.011342854533379519,-0.04069629598678415,0.01624674843324749,**,2332,2253
Guards,2001-2005,college_plus,0.12188154655783337,0.007881376601634788,0.09503761780196918,0.007077869574357053,-0.026843928755864194,0.01059303237266863,**,2332,2253
Guards,2006-2010,real_wage,20.307226238989237,0.22662941857348234,17.757961118730755,0.1841210206751316,-2.5492651202584824,0.29199562259973505,***,2318,2243
Guards,2006-2010,union,0.14880582694412758,0.008424888415142948,0.09198128709700137,0.006977032392425938,-0.05682453984712621,0.01093881738638006,***,2318,2243
Guards,2006-2010,part_time,0.1507198155814659,0.008722794915013099,0.11271696601311854,0.007919250030676027,-0.038002849568347374,0.011781412147011098,***,2318,2243
Guards,2006-2010,AGE,41.959647218654126,0.3701874038155378,41.26979006878344,0.39476172273488674,-0.6898571498706829,0.5411797591191891,,2318,2243
Guards,2006-2010,female,0.23528828253491946,0.010041275662963646,0.2224240362997152,0.010040049896479886,-0.012864246235204269,0.014199641504750456,,2318,2243
Guards,2006-2010,black,0.23679963638614254,0.010063514289064317,0.3223183021159246,0.011283113593547774,0.08551866572978206,0.015118960685546618,***,2318,2243
Guards,2006-2010,hispanic,0.1354797621868662,0.008101485567114075,0.15103788664144127,0.00864491452344686,0.015558124454575079,0.011847726174750162,,2318,2243
Guards,2006-2010,lt_hs,0.05652689981198607,0.005466787749873511,0.09576170961074704,0.007104131485019046,0.03923480979876097,0.008964064505491134,***,2318,2243
Guards,2006-2010,hs_completion,0.35733325985964004,0.01134408574795668,0.4499327837587915,0.012010339917434392,0.09259952389915144,0.016520791336655512,***,2318,2243
Guards,2006-2010,some_college,0.42304321503778286,0.011695098318530793,0.3658586420872298,0.011628489281759247,-0.05718457295055307,0.016492334208840526,***,2318,2243
Guards,2006-2010,college_plus,0.16309662529059307,0.008745809526970592,0.08844686454323243,0.006854974036051834,-0.07464976074736064,0.011112148906354447,***,2318,2243
Guards,2011-2015,real_wage,19.799683109594675,0.2304590343867296,17.39963881772242,0.19147024702226662,-2.4000442918722555,0.29962012953944134,***,2221,2180
Guards,2011-2015,union,0.17305256775018857,0.009276531194731276,0.08383728180169288,0.0067589671602724215,-0.08921528594849569,0.011477703083825766,***,2221,2180
Guards,2011-2015,part_time,0.1602601230362711,0.009232313743442444,0.1248477214674077,0.008319788236936689,-0.0354124015688634,0.012427972214517793,***,2221,2180
Guards,2011-2015,AGE,41.52905104988315,0.38463408333191984,41.05482007893396,0.3930109247505562,-0.4742309709491934,0.549909960842567,,2221,2180
Guards,2011-2015,female,0.2135797391094211,0.010049975586260007,0.2075053737478155,0.009889817362356727,-0.006074365361605605,0.014100017615066823,,2221,2180
Guards,2011-2015,black,0.21474674517584225,0.0100699149291247,0.3161656422024233,0.011339874015608839,0.10141889702658108,0.01516561668280222,***,2221,2180
Guards,2011-2015,hispanic,0.16843393445245927,0.00917742427848389,0.17308387973258238,0.009226446638083858,0.004649945280123108,0.01301354809238105,,2221,2180
Guards,2011-2015,lt_hs,0.05013995327536395,0.005351547773536889,0.07395395398865255,0.006382229611846783,0.023814000713288604,0.008328980633353734,***,2221,2180
Guards,2011-2015,hs_completion,0.3542691764248715,0.011728705367572836,0.392518024254694,0.011908907852815367,0.03824884782982252,0.0167148022975499,**,2221,2180
Guards,2011-2015,some_college,0.4265593854949105,0.012128067615332744,0.4085683288307399,0.01198836817595007,-0.017991056664170613,0.017053181392462088,,2221,2180
Guards,2011-2015,college_plus,0.16903148480485303,0.009190385351471384,0.12495969292591376,0.008064444144344146,-0.04407179187893927,0.012226955559982476,***,2221,2180
Guards,2016-2019,real_wage,20.50142184271176,0.24791933963057597,18.31630768224123,0.21534359498213074,-2.1851141604705298,0.32838523545173104,***,1721,1596
Guards,2016-2019,union,0.18341883558889327,0.010758744412523447,0.11595362980866127,0.009035880892089995,-0.067465205780232,0.01404983006409834,***,1721,1596
Guards,2016-2019,part_time,0.15200292897367998,0.01015431908271006,0.11158097228270007,0.009109478880167676,-0.04042195669097991,0.013641583540839773,***,1721,1596
Guards,2016-2019,AGE,41.619455559748374,0.43761390816155277,40.25906606413108,0.4555805953761594,-1.3603894956172908,0.631711652179793,**,1721,1596
Guards,2016-2019,female,0.23357113177886046,0.011762115918185313,0.24290999245406658,0.012102838777975255,0.009338860675206118,0.01687679108594077,,1721,1596
Guards,2016-2019,black,0.24873113895472623,0.012017184219067297,0.352524833625308,0.013483331644711124,0.10379369467058178,0.018061366194069277,***,1721,1596
Guards,2016-2019,hispanic,0.18491347914507186,0.010792600113872041,0.1780765856231594,0.010797168699436668,-0.006836893521912468,0.015266272273939232,,1721,1596
Guards,2016-2019,lt_hs,0.04122580627887731,0.005526913816289712,0.06196831869682528,0.006804314998834571,0.020742512417947973,0.008766155310970665,**,1721,1596
Guards,2016-2019,hs_completion,0.33911882308565466,0.013160657434616332,0.3857468481014304,0.013737752588781333,0.04662802501577573,0.01902442509780231,**,1721,1596
Guards,2016-2019,some_college,0.4297029204000636,0.01376178193356144,0.4323636129501261,0.013981394274020363,0.0026606925500625156,0.01961800264635795,,1721,1596
Guards,2016-2019,college_plus,0.18995245023540488,0.010904798666766524,0.11992122025161678,0.009168527564490029,-0.070031229983788107,0.014246983247815181,***,1721,1596
Guards,2021-2025,real_wage,21.79589787623656,0.38589968738947966,20.369915419285338,0.2723971020066958,-1.4259824569512212,0.47235447484801535,***,1292,1298
Guards,2021-2025,union,0.16337964325212925,0.01198540166450589,0.07518101865728304,0.008403309784439967,-0.08819862459484622,0.014637809549000323,***,1292,1298
Guards,2021-2025,part_time,0.14241770811498541,0.01156738596202594,0.14288588426528623,0.011422042451664397,4.6817615030081416e-4,0.01625630560004635,,1292,1298
Guards,2021-2025,AGE,41.13924536876355,0.5033799478804882,40.04965210523547,0.5096813459195024,-1.08959326352808,0.7163563682319565,,1292,1298
Guards,2021-2025,female,0.26680894981999187,0.014338317129745594,0.26641957722873133,0.014088827032178121,-3.8937259126053947e-4,0.020101800547607393,,1292,1298
Guards,2021-2025,black,0.2434492990665823,0.013912740690877567,0.38885412529504315,0.015535802844428261,0.14540482622846085,0.02085486810201747,***,1292,1298
Guards,2021-2025,hispanic,0.19738390491605257,0.01290325285867938,0.19292210137425728,0.012575249856190287,-0.0044618035417952895,0.018017514903022322,,1292,1298
Guards,2021-2025,lt_hs,0.04664417691553958,0.006836213793357817,0.046726954494439116,0.006726053202854398,8.277757889953857e-5,0.00959028731144816,,1292,1298
Guards,2021-2025,hs_completion,0.3732869239422519,0.01567996807446956,0.48083107855118395,0.015922765981060155,0.10754415460893207,0.022347167053208137,***,1292,1298
Guards,2021-2025,some_college,0.3951061322773852,0.01584841677180171,0.3419112727349738,0.015117042679789791,-0.05319485954241143,0.02190199291286781,**,1292,1298
Guards,2021-2025,college_plus,0.1849627668648247,0.012586943671844266,0.13053069421940222,0.010736218833193157,-0.05443207264542249,0.01654380687243392,***,1292,1298
