occ,period,u_direct,u_outsourced,beta_union,beta_outsourced_nounion,mediated_penalty,pct_explained
Janitors,1983-1985,0.2740362754774353,0.18835516619488915,0.29194920999768886,-0.05315475426240915,0.025014532166764997,0.47059820920769796
Janitors,1986-1988,0.2644098609663364,0.176014818240037,0.31655040915886057,-0.05746206615717192,0.027981486942625033,0.486955809526397
Janitors,1989-1991,0.23768081336020447,0.1509267412000834,0.2992276137547893,-0.058462298161382445,0.025959213995983825,0.444033416618769
Janitors,1992-1994,0.22469861345698047,0.13839702798457448,0.26609577866790873,-0.034871928057108134,0.022964487586554953,0.6585379377058556
Janitors,1995-1997,0.21717415348505925,0.13303331834697915,0.21971766169143175,-0.039605460620706315,0.018487227549303216,0.46678481349710205
Janitors,1998-2000,0.2088956313245871,0.12134963068917534,0.1973464348264309,-0.0255247299524429,0.017276891108710966,0.6768687128483193
Janitors,2001-2003,0.20383775178141264,0.12197642339504229,0.16415767476196497,-0.02289580739870918,0.013438165320832194,0.5869269026778157
Janitors,2004-2006,0.19522858060361228,0.09883331594488959,0.1707805943769553,-0.06514190131489205,0.016462440593540576,0.25271661190793504
Janitors,2007-2009,0.20001516941033579,0.10013688973186026,0.1357526312284557,-0.04188414230755387,0.01355873926892465,0.3237201127186341
Janitors,2010-2012,0.17842944250774773,0.08573256102314834,0.14156001200384008,-0.0617592412963863,0.01312217165567843,0.21247300614825143
Janitors,2013-2015,0.17160348484597218,0.09989904722234247,0.1343201813092336,-0.03703234972427215,0.009631353062282574,0.26007944767193336
Janitors,2016-2019,0.1635241557526151,0.0934051740692211,0.12928722405770962,-0.029050410010085806,0.0090654884955994,0.3120606040483428
Janitors,2021-2025,0.15262133041060277,0.09788034681702229,0.10010844069681132,-0.016374801103590526,0.005480034509763074,0.3346626609444104
Guards,1983-1985,0.2152982157707544,0.12898719941127498,0.2347177196964975,-0.2228767954524278,0.020258724944584097,0.09089651932342255
Guards,1986-1988,0.1843623438673105,0.0943643895279406,0.21354599697680937,-0.24741318019376424,0.019218702885274115,0.07767857343017372
Guards,1989-1991,0.1907691041507745,0.10933045717404484,0.201698997037777,-0.18541811037510825,0.01642609341531996,0.08858947695071058
Guards,1992-1994,0.21194561904673118,0.09301873214131402,0.11206233954027511,-0.2229154066023819,0.013327225180862755,0.05978602100228433
Guards,1995-1997,0.1785412801585461,0.08899358049859371,0.14353384120202228,-0.1818589041185789,0.01285312530299799,0.07067635959478379
Guards,1998-2000,0.171644288823495,0.0879894624510747,0.10560683893859457,-0.12302720767815208,0.008834521775148286,0.07180949597962122
Guards,2001-2003,0.16332155388392477,0.07196087597747072,0.16229926457571986,-0.05187565640248445,0.01482777083535671,0.2858329294248038
Guards,2004-2006,0.14954778409347372,0.08618791065648798,0.12870275107182366,-0.06140493472867444,0.008154590018902627,0.1328002391816672
Guards,2007-2009,0.14896146894108173,0.08524717572518391,0.14093573571218967,-0.061676861836757434,0.008979620789764735,0.145591402064707
Guards,2010-2012,0.1582940446870401,0.08811635001245487,0.12838615433583173,-0.04923283668250125,0.009009844339424174,0.18300477783817257
Guards,2013-2015,0.19001926794154506,0.09180350862600321,0.21923857000099808,-0.08955829256639473,0.0215326826239016,0.24043203601652163
Guards,2016-2019,0.18341883558889327,0.11595362980866127,0.12410906265711849,-0.05715580887671523,0.008373043451354206,0.146495056511488
Guards,2021-2025,0.16337964325212925,0.07518101865728304,0.06967931638486682,-0.012374231486745754,0.006145619867854386,0.49664658968414016
