file,role,description
ipums_data/cps_00047.xml,input,"IPUMS CPS codebook (DDI) for the extract. Use for value labels and missing-value codes. Read via ipumspy."
ipums_data/dk_core.parquet,input,"IPUMS CPS ORG microdata built by 00_build_data.ipynb. Raw input to 01_clean.ipynb."
cpi_annual.csv,input,"Annual average CPI-U-RS. Columns YEAR, AVG. Used to compute real_wage (2025 dollars) for summary statistics only."
minimumwage_annual.csv,input,"FRED state statutory minimum wages, Jan 1 values. One row per year; columns STTMINWG + postal code. FG = federal; drop GU, PR. Binding minimum = max(state, FG); NaN or missing column (AL, LA, MS, SC, TN) = no state law. Rates are state only, no local minimums."
comparisons/dk_published_incidence.csv,benchmark,"D&K Table 1 incidence: 3-year period shares by occupation, 1983-2000. Hand-entered from the paper."
comparisons/dk_published_penalty.csv,benchmark,"D&K Tables 3a (janitors) and 3b (guards), all rows 1-9, transcribed from the paper. One row per term: outsourced, union, parttime, and interactions (row 4). n and r2 repeat within table row. Guard row 8 SEs blank. Janitor rows 2/3 sex labels may be swapped in the paper; see refs/dk_spec.md."
comparisons/incidence_yearly.csv,crosscheck,"Legacy R: weighted share outsourced by year x occ, 1983-2025, 2020 excluded. Shares should match Python closely; n counts all rows."
comparisons/incidence_table1_1983_2000.csv,crosscheck,"Legacy R: D&K Table 1 replication, 3-year period shares plus change row. Shares should match Python closely; n counts all rows."
comparisons/dk_vs_replication_baseline.csv,legacy,"Superseded by dk_published_penalty.csv. D&K row 1 penalties alongside legacy R estimates."
comparisons/regressions_pooled.csv,legacy,"Legacy R, old spec: state + year FE, SEs clustered by state, four education categories, gov_employee, old cleaning. Not comparable to dk or kq spec."
comparisons/regressions_by_period.csv,legacy,"Legacy R, old spec: state FE only within period bins, SEs clustered by state. Not comparable to dk or kq spec."
comparisons/regressions_pooled_dk_spec.csv,legacy,"Legacy R, early D&K spec, 1983-2000 only: includes female, old cleaning rules. Close to but not identical to current dk spec."
comparisons/summary_stats_2001_2025.csv,legacy,"Legacy R: weighted means by outsourcing status, 5-year period, occ. Old cleaning rules."
comparisons/union_mediation_pooled.csv,legacy,"Legacy R, old spec: union mediation, pooled 1983-2000 and 2001-2025. Not comparable to kq spec."
comparisons/union_mediation_by_period.csv,legacy,"Legacy R, old spec: union mediation by period bin, state FE only. Not comparable to kq spec."